21748381,
21698294,TSLA
21717016,SQ TSLA TWTR
21658926,TSLA
21678009,TSLA
21658609,COIN TSLA
21638193,TSLA
21628588,
21584728,COIN
21504329,TSLA TWTR
21533543,COIN
21463729,TSLA TWTR
21444269,MSTR TSLA
21440955,TSLA
21402197,COIN TSLA
21384622,
21361840,TSLA
21355896,TSLA
21345866,CAG IBM TSLA TWTR
21312754,REGRF
21292503,TSLA
21271175,TSLA
21269682,MSTR TSLA
21269336,MSTR TSLA
21250654,TSLA
21250083,TSLA
21241744,TSLA
21229889,TSLA
21210034,TSLA
21209467,TSLA
21183087,TSLA
21190100,TSLA
21175272,TSLA
21160768,TSLA
21144669,TSLA
21144678,
21144574,TSLA
21144422,TSLA
21143396,TSLA
21140821,
21097628,PENN TSLA
21076574,
21053573,GS
21051891,AMC GME NOK STT
21029066,AMC GME
21027672,TSLA
21027554,TSLA
21020948,CMCSA TSLA
21007527,TSLA TWTR
21004834,AMZN DBD TGLO TSLA
20994293,
20981047,CAG GOOG GOOGL YUM
20980949,CAG COIN TSLA
20975558,
20972327,TSLA
20956131,CAG EBON TSLA
20942075,TSLA
20930034,EMR HMC TSLA VOD
20929472,TSLA
20927656,FTCV
20908818,
20827000,CMCSA TSLA
20904686,TSLA
20904133,TSLA
20881404,TSLA V
20856213,AMC GME
20853551,COIN
20829784,
20829612,TSLA
20791904,TSLA
20785109,GME
20784898,TSLA
20782626,AMC GME TSLA
20763772,AMZN TSLA
20762532,TSLA
20745422,
20748532,AMC CLOV GME MVIS
20740512,GOOG GOOGL TSLA
20739284,GOOG GOOGL
20725733,TSLA
20718569,BRPHF CAG GME
20718483,F KHC
20718253,TSLA
20697493,TSLA TWTR
20696273,CAG TSLA
20686555,
20678493,
20675135,TSLA
20675962,CME
20675276,TSLA TWTR
20674908,TSLA
20674266,TSLA
20674145,TSLA
20671395,TSLA TWTR
20665455,SPY
20655047,AMC COIN GME
20651125,TSLA TWTR
20624309,ACB TLRY SPY
20603843,
20570014,TSLA
21892246,TSLA
21869625,TSLA
21850542,TSLA
21849536,NFLX
21831986,
21802124,
21803526,TSLA
21802672,TSLA
21758554,
21737922,TSLA
21732068,CMCSA TWTR VYGVF
21726476,TSLA
21705509,TSLA
21697081,AMC GME SNDL
21678280,TSLA WCAGY
21671145,CAG PEP TSLA TWTR
21660181,TSLA
21658052,HMC TSLA
21653030,CME TSLA
21645845,GE
21621259,
21630179,
21621473,
21620115,
21581970,
21572362,TRCH
21560894,AMC GME
21560882,TSLA
21560575,COIN TSLA
21543180,CRSR SBUX TSLA
21542627,TSLA
21540351,TSLA
21504589,
21499227,
21486940,
21493918,AMC
21486455,TSLA
21425007,COIN
21417572,
21402213,CAG GOOG GOOGL TSLA
21397769,AMC BBBY GME KOSS MAT NAKD NOK PLTR
21381865,COIN TSLA
21376116,CAG TSLA
21363486,AMC BA NIO
21344780,AMZN TSLA
21337728,
21325876,TSLA V
21337915,AMC
21333441,CWH NEGG
21324848,TSLA
21318203,AMC GME HEXO OGI TLRY
21292020,
21290616,MSTR TSLA
21271060,TSLA
21270151,TSLA
21270009,
21247332,
21241354,
21202123,TSLA
21189523,AMC GME
21184597,
21168188,TSLA
21147043,AMC
21144950,TSLA
21140698,TSLA
21082678,
21107979,AMC GME
21098323,TSLA
21075436,AAPL COIN MTCH PANDY PNDZF UBER
21050585,TSLA TWTR
21049929,TSLA
21029009,
21007599,TSLA
21007329,TSLA
20997817,
20980156,BRPHF TSLA
20956618,TSLA
20956817,FDX GILD GM SNAP TSLA
20929315,DIS PYPL
20923920,TSLA
20915538,
20908224,CMCSA TSLA
20908205,BAC DIS PYPL
20804360,TSLA
20793793,GME
20786864,GME SNDL ZOM
20767608,COIN
20766081,
20762616,
20761872,TWTR
20721328,TSLA
20699306,AAPL F NIO
20701869,GME TSLA
20697172,CAG TSLA
20682455,DAL FB MSFT
20676239,TSLA
20675053,COIN GME TSLA
20617755,TSLA
20613282,AAPL AMZN COIN GOOG GOOGL MSFT TSLA
20571278,TSLA VYGVF
21891603,
21889269,AAPL AMC MSFT NEGG
21888901,
21877780,AMC
21832921,
21821558,TSLA TWTR
21821240,TSLA
21802747,
21773823,GE
21759000,CAG TSLA
21757857,TSLA
21747861,GE
21743597,AMC GME
21738368,TSLA
21737520,AMC BB CLNE CLOV GME SPCE SPY WISH
21737455,TSLA
21678869,
21678479,SQ TSLA TWTR
21677951,TSLA
21668486,TSLA
21670344,TRCH
21638486,GME TSLA
21658414,ETCG
21657974,TSLA
21638137,COIN SQ
21638011,
21620420,TSLA
21601355,TSLA
21581234,COIN TSLA
21560721,
21505208,TSLA
21528754,TSLA
21504004,
21494135,BB
21485115,AAPL MSFT
21474280,WKHS
21464706,COIN TSLA
21445692,AMC BB BBBY GME
21445126,MSTR TSLA TWTR
21444916,TSLA
21444388,TSLA
21124101,TSLA
21423432,TSLA TWTR
21423017,COIN
21381954,TSLA
21373631,NIO
21367917,AMC BB GME
21360183,MSTR TSLA
21353570,CMCSA
21337262,AAPL F FCEL PLUG
21323220,AMC BCRX BYND GME
21291152,TSLA
21283390,GME SPY
21255697,NIO PLTR TSLA
21235931,TSLA
21230129,TSLA
21224252,BABA F LI NIO PDD XPEV
21220101,TLRY
21193121,GE M WFC
21189494,ETHE GBTC TSLA
21143145,TSLA
21041823,FCEL PLUG WKHS
21027867,TSLA
21027556,AONE ARKF BABA BIDU CDNA CMII COIN DKNG FATE IRDM JD KTOS MASS MPNGF NNDM NSTG NTDOY NVS OKTA PINS PSTG RHHBY SI SKLZ SYRS TAK TER TREE TSP TWTR U VCYT WKHS YHEKF INOS SPCE CRWD DE
21010856,GPRO
20981253,COIN
20981374,
20928121,AMZN NFLX SPY
20933545,GME
20927768,APHA TLRY
20913591,MRNA VXRT
20907426,LAZR PLUG
20833496,ARKF ARKQ ARKW ARKX BABA JD MPNGY PDD
20897487,GME
20892546,MSTR TSLA
20869960,PLUG
20856576,MSTR TSLA COIN
20804712,
20795241,BTC PLTR
20762309,
20754050,
20732323,FCEL FIDU PLUG
20721203,COIN
20719141,
20710452,APHA TLRY
20704763,CAG TWTR
20688451,PLTR QCOM
20685246,
20657400,FSR NIO TSLA
20655566,COIN
20654586,CAG GME TSLA TWTR
20654218,CAG TSLA
20633712,COIN
20648096,GOOG TSLA
20641596,AMC
20635946,COIN GME
20625185,AMC GME SNDL
20623073,PLUG
20604856,APHA TLRY SPY
20596012,AAPL AMZN TSLA
21911168,TSLA
21909587,NFLX
21909034,TSLA
21908917,
21889173,TSLA
21870420,AMC CLOV GME
21868957,AMZN EBAY TWTR WMT
21850540,TSLA
21805902,TWTR
21774642,
21758781,
21758350,
21757787,AMC BB CLOV GME SOFI SPCE WISH WKHS
21745688,NIO
21744023,AMC
21738940,TSLA
21728490,AMC
21718672,TSLA
21696823,
21686126,F TSLA
21678352,MMATF TRCH
21634642,ARKF ARKQ ARKW ARKX BABA BLDE GLEO JD NFLX
21612236,FOX
21620349,
21613689,CMCSA DKNG MGM
21599641,COIN
21582883,DIS
21564705,
21543570,TSLA
21534497,TSLA
21524631,
21523302,COIN
21485890,TSLA
21491984,GME TLRY
21483856,TSLA TWTR
21463795,TSLA
21453392,WKHS
21441125,AAPL AMC BA CNK DIS GM GS IMAX TLRY TSLA WFC
21385000,COIN
21382129,ARKQ ARKW NFLX NXPI PDD SPFR VUZI ARKX
21361051,TSLA
21341131,AMC GME NOK
21311678,TSLA
21256293,PLTR
21255984,AMC MRNA TGT
21254452,F
21220974,PLTR
21218412,TSLA
21217057,HYLN PLUG
21210852,TSLA
21192986,MARA RIOT TSLA
21169118,
21168516,
21152120,TSLA
21152749,PLUG
21147349,NIO TSLA
21145894,MSTR PYPL TSLA TWTR
21098648,SWRM TSLA
21065818,FCEL PLUG
21050757,AAPL ADPT ADYEY AONE API ARKF ARKK ARKW BEAM BEKE BIDU BLI CDNA CDXS CMII COIN DKNG FATE HUYA ICE IRDM KMTUY KTOS MASS NNDM NSTG NTDOY OPEN PATH PDD PHR PLTR PRNT REGN RHHBY RPTX SI SNPS SRPT SURF TAK TDY TER TREE TSLA TSP TTD TWLO TXG VCYT YHEKF INOS SPCE
21034120,NIO TSLA
21027226,SNDL
21028652,COIN TSLA
21013844,AMZN
20982135,TSLA
20955715,AMRS BCEL BNTX CVAC GME MSFT VIR
20942592,PLTR
20912197,
20907092,
20855721,AAPL GOOG GOOGL QCOM SPOT
20899553,
20889774,NIO
20867631,AMZN F TSLA
20837107,MVIS
20828910,
20817312,AMC F FB GME QQQ
20817362,VXRT
20795779,
20798235,BNGO
20789777,BTC COIN
20747194,COIN TSLA TWTR
20727343,JPM
20725094,
20707076,CCL PLUG ZOM
20696208,TSLA
20685153,
20645830,SNDL SPY
20673447,NVDA SNAP TSLA UAL
20657022,COIN
20659994,TSLA
20654699,
20654453,COIN
20636806,COIN PLTR RBLX SPOT
20625575,SNAP
20597482,
20583737,BLDP PLUG
20580770,KNOS TSLA
20576769,AAPL AMZN FB GOOGL NFLX TSLA
20571923,AAPL FB GOOG GOOGL TSLA APPL
20558658,
21908981,AAPL AMC BABA CLOV GME NEGG PLTR SPCE SPY WISH
21891368,
21875679,F
21863721,BAC WFC
21855884,DIS
21849283,AMC AMD BB CLOV DIDI GME SOFI SPCE SPY WISH
21810160,TSLA
21783173,TSLA
21796270,NIO
21790576,NIO
21787172,SPCE
21774944,
21779955,
21750942,AAPL AMZN BABA MSFT SHOP TSLA
21738246,AMZN MSFT TWTR
21679468,
21726750,AMZN BABA DIS F PENN
21725838,BABA BIDU JD
21717882,TSLA TWTR
21707584,
21711865,
21683096,GSAT
21624016,AMZN PLTR PLUG
21599868,TSLA
21592068,BB
21588643,BAC WFC
21561122,TSLA
21552816,FCEL PLUG
21543304,TSLA
21547116,NFLX
21543111,TSLA
21530689,VXRT
21518946,RIDE WKHS
21494810,GEO
21494433,TLRY
21485444,GME
21480878,
21480457,AGNC ARR GAIN LAND MAIN O PSEC SLG STAG SUUIF TRSWF WSR
21456982,
21453361,AMZN SNDL TLRY
21443933,BAC
21416720,AMC BB GME
21406270,AAPL GOOG GOOGL TSLA
21389255,PLTR
21387451,CGC MSFT ZM TSX:WEED
21341822,AMZN NKLA PLUG WMT
21337044,
21333636,BLK TSLA
21333298,AMC BB GME NOK
21300335,FCEL PLUG
21285947,
21273107,COIN
21270074,ARKF ARKK ARKW DKNG GH JD MASS NFLX PDD SGFY TREE TWTR ARKX
21263856,
21259110,LAZR TSLA
21229891,AAPL ARKF ARKK ARKW COIN PATH PSTG TCEHY TREE
21221440,
21208014,
21179803,BABA
21173472,NFLX
21165756,
21155622,AMZN
21146680,
21109287,GME
21097838,TSLA
21086343,DPZ PSTH SBUX
21082731,SQ
21074919,TSLA
21064666,COIN
21051457,AMZN FB GOOG GOOGL
21031100,DKNG
21028133,TSLA
21026504,AAL BA DIA LUV SPY
21006676,AMZN CLOV FB GOOG GOOGL ILMN LI MRNA NIO SHOP SNAP SPOT TSLA
20981638,STLA TSLA
20970230,NIO TSLA
20946869,BAC
20909501,BAC JPM
20910937,FARO SELB TWTR
20908225,API ARKG ARKK ARKW CMIIU DDD GLEO IONS IRDM MASS NVDA ONVO PCAR PDD PHR PSTG PSTI PYPL ROKU RXRX SE SI SPFR TCEHY TDOC TER TREE TSLA TWTR ZG ZY
20893988,MVIS
20892424,
20847539,
20792471,
20793856,NIO
20784075,
20769299,MMEDF
20766724,AAL CCL RCL
20719364,TSLA
20685314,PENN
20678645,
20676108,ARKF ARKW COIN SI SQ
20673409,COIN
20644806,AMC
20625716,AMC AMCX DMS MCS
20603587,TSLA
20591320,KNOS TSLA
20582318,
20582019,CHWY GME
20568028,
21909467,DIDI NIO
21890043,
21888945,AAPL AMC CLNE CLOV GME NEGG PLTR SPY WISH
21866345,
21862916,AMC GME
21859178,GE
21849271,
21838752,AMZN BA FDX GM MU NFLX PLUG TSLA WISH XOM
21821823,
21810845,ARKW PLTR
21809907,MRIN
21801328,
21781108,TSLA
21779358,
21729535,
21726062,GME NOK WISH
21722135,BB
21707490,AAPL
21706367,TSLA
21701204,AAPL PYPL SQ VXRT
21642674,BB GSAT NKE
21638846,AMC GME TWTR
21636957,
21629549,BAC WFC
21621280,TSLA
21581171,COIN
21560924,ETHE GBTC
21547472,FCEL
21546933,COIN MARA RIOT TSLA
21524307,AMC GME
21517464,CARV SQBG VJET
21498498,CLF
21497040,GNUS
21496312,ACB TSX:ACB
21477022,CLNE
21473195,TLRY TSX:TLRY APHA
21474714,MARA RIOT
21464944,PYPL
21437544,
21433986,AAPL
21434367,NIO
21412588,WKHS
21409683,TLRY APHA
21393566,TSLA
21361881,AMZN TSLA
21360099,TSLA
21333471,AMC BYND GME
21333042,CAG EBON HLLPF TSLA
21323210,GE
21295765,NIO RIDE TSLA
21291823,BRK-A TSLA
21259839,TSLA
21249937,ADSK ARKF ARKK ARKW ARKX COIN GH IOVA MASS SGFY SQ TCEHY TSLA TWTR
21192760,
21235250,ARES GE
21213347,AMD SQ TSLA
21203888,QS WKHS
21202673,DIS INTC MSFT
21178647,AGEN
21167639,
21154807,AMD
21117470,BNGO
21094759,
21089915,
21085465,KHRNF TSXV:KHRN
21074641,
21032739,TSLA
21027736,TSLA TWTR
20988556,LYFT UBER
20957706,AUDVF
20917592,TSLA
20930494,TSLA
20918745,
20897907,AAPL MSTR
20882552,GOOG GOOGL HPE ORCL
20847226,
20838380,AAL DAL
20784480,NYT SQ TWTR
20780751,FB GOOGL TWTR
20772090,AMD INTC NVDA
20725200,DKNG
20697790,
20685345,HAE
20678500,CAN SOS SQ
20674195,
20664827,CAG TWTR
20664642,TSLA
20647041,COIN
20642959,COIN SNOW TSLA ZM
20638013,COIN
20633547,ICE TSLA
20634549,BAC COIN
20621917,NIO TSLA
20612927,TSLA
20603852,JPM MA UBS
20608185,AAL UAL
20607217,PYPL ROKU SQ
20579253,TSLA
20571544,CHWY GME SQ TSLA TWTR
20550990,AAPL MSFT
21909377,BABA CHWY DIDI GME SPCE
21890734,
21884340,CGC TLRY
21877566,GME
21865041,
21869355,TSLA
21854551,AAPL HYLN SPCE
21851600,TSLA
21839226,
21828774,BABA NIO PDD TAL
21821341,VYGVF
21816064,NIO
21805683,F GM
21802837,ACB SNDL TLRY
21789591,NFLX
21792745,PLUG
21780142,CAG NEGG TSLA
21779546,AMC BB CLNE CLOV GME SOFI WISH WKHS
21757707,
21750166,NIO NVDA TSLA
21744983,
21741670,NTLA REGN
21737918,TSLA
21730620,PLTR
21727119,ERIC NOK
21690822,NFLX TSLA
21678928,AAPL AEO AMZN COST F
21663831,PLTR
21667546,CLGN DDD
21648839,AMZN GM
21644487,CNHI ENOB GE RAVN
21641652,MSFT
21608835,NIO PLTR QQQ TSLA
21605423,CLF T TAL
21596169,
21583649,
21580893,COIN
21574883,TSLA
21554039,TSLA
21549898,PLTR
21544081,TSLA
21540498,
21530483,NIO
21516464,BAC WFC
21514585,TSLA
21512078,MVIS
21495751,MARA RIOT
21479358,TSLA
21481067,WISH
21456502,MSTR SQ TSLA
21443924,NVDA
21446070,
21444649,
21383724,
21427411,TSLA
21407029,BABA
21403348,AMC AMZN BB GME SNDL TLRY
21353437,
21351239,AAPL AMC COIN CVS F OXY SHOP SPCE SQ TSLA WPM
21333143,COIN TSLA
21338336,MLPA
21290776,BABA BIDU
21290431,
21248550,BBY CMG CSCO ETSY KSS LBTYA MCD QRTEA RDS-A SQ T TWTR
21234741,
21206349,TSLA
21172033,AMC
21149038,TSLA
21112812,AWR BKH BRK-B BUD CL COTY CRON DOV GPC HRL JNJ KO LOW MMM MO NFG PG SWK SYY
21112772,TSLA
21104290,BABA
21028352,
21014629,
21013758,
21006525,TSLA
20997466,DKNG PENN
20905195,BRK-A
20873324,PLTR
20830855,AMZN COIN FB MSFT TSLA
20828326,ADBE ADYEY API ARKF ARKW CMIIU CMLF COIN FB GBTC HUBS ICE IONS IRDM JD MASS MPNGY NVDA PATH PCAR PDD PHR PSTG PSTI ROKU RXRX SHOP SI SNPS SPFR SQ SYRS TCEHY TEAM TER TREE TSLA TSP XLNX ZY
20816432,
20812743,GSAT
20780251,
20768532,MSFT PLTR TSLA
20766493,OCGN SNAP
20765629,AAPL SNDL SQ
20762507,CAG
20715186,AMZN COIN JPM SE SHOP U
20691449,SPY
20665714,COIN
20660641,ABNB COIN TWTR
20663298,COIN NIO
20626919,CGC STZ SPY
20645031,FSR NKLA
20627252,COIN
20613837,AAPL CRM
20605991,EQOS MSTR SQ TSLA
20605191,BB IBM
20569878,
20563155,TSLA
21909152,SQ TWTR
21903901,ARKW DIS
21897764,F
21884696,GME JWN LOW WOOF
21882341,WKHS
21869846,BRPHF
21861676,BABA DIDI
21857802,AAPL
21854606,MSFT
21838888,GM TM TSLA
21822659,AMD ARW AVT INTC MU NVDA TSLA TSM
21806942,NIO
21791814,AMD
21780058,AAPL COIN
21761932,CLNE MMAT PLUG RDS-A XOM
21758560,ARKF ARKK ARKW COIN GOOG GOOGL NFLX PATH PLTR TSLA ARKX
21750839,
21696868,AMC CLNE CLOV GME TSLA WISH WKHS
21690028,
21692647,
21687682,FCEL PLUG
21687219,
21681800,LI NIO XPEV
21669921,LI NIO PDD XPEV
21665843,FCEL PLUG
21637858,
21600974,TSLA
21601303,TSLA
21612267,AMD ESPO PSI WUGI
21610484,F GM TSLA
21604105,SPY
21583517,SPY
21584389,MARA RIOT
21581256,
21567094,DKNG PENN
21555245,NIO
21553350,
21548360,GE
21532340,RCON
21504554,COIN
21499598,
21487313,
21485623,COIN
21475628,AMC GME
21472205,NIO
21471430,GE
21443930,F
21432182,CGC SQBG
21393786,F GM HMC TM TSLA
21392381,KOSS
21389598,ACB TSX:ACB
21337609,FB
21292636,
21300187,GBTC GS
21259847,DKNG
21245221,MSFT
21240052,COIN
21230526,TSLA
21210694,AMZN FB GOOG GOOGL
21205311,BTC COIN MSTR TSLA
21198280,COIN
21200312,BTC TSLA
21170799,
21154254,RIOT
21122152,ACB TSX:ACB
21092890,SPY
21075773,ARKF ARKW COIN SI
21065206,
21062758,
21026043,TSLA
21011652,TSLA
21006356,TSLA
20997841,TSLA
20980403,ETCG
20944913,BA DFEN ON
20933299,TSLA
20908301,
20882148,COIN TYO:8473
20829397,TSLA
20797834,DIS PEP
20783573,INTC
20768445,RIOT
20750653,COIN
20744902,
20728899,AMZN MRNA
20718393,AAPL
20689098,EBON
20676480,
20675639,
20662879,
20658584,COIN ETH PYPL SHOP SQ
20647587,CTRM
20639472,GOOG GOOGL
20643461,COST CRWD PLUG
20639926,INTC NIO NVDA XPEV
20633144,REGRF
20612579,ASAN COIN ICE PLTR SPOT WORK
20602524,F GM
20591974,TSLA
20560377,
21912522,NIO
21902027,TSLA
21887927,
21884429,NVAX
21872969,AAPL
21868801,AAPL AMC AMZN CLNE CLOV DIDI GME MSFT SPCE SPY WISH
21868738,
21827446,
21821726,ASTR PLTR SPCE
21801496,AMD CLNE CLOV GME INTC MU NIO SOFI SPY WISH WKHS
21786732,XELA
21774072,XELA
21771009,MRIN
21769861,TLRY
21752240,FCEL PLUG
21750024,CLOV OSK RIDE WISH WKHS
21747772,BABA
21728976,AMC EXPR GME
21727021,SOFI
21725531,GME
21705930,TLRY
21681880,PLUG
21678335,ARKF ARKQ ARKW ARKX BABA NXPI PDD PINS RBLX SNAP TDOC TSLA
21675637,SPY
21670005,NVDA
21663686,MARA RIOT
21639926,
21644381,BB
21626668,GE
21608724,COIN
21594871,TSLA
21593850,COIN
21581173,SNAP
21554198,AVXL
21523897,ARKF ARKG ARKK ARKQ ARKW COIN ICE PATH PSTG TSLA
21505576,MARA
21504957,AMC GME
21497621,TLRY
21486842,
21478936,SIRI
21459779,RMED
21409075,AMC AMZN TLRY
21395905,AMC NAKD
21376513,CCL NCLH RCL
21370405,AAPL COIN GOOGL
21344163,NVDA
21341403,AMD
21338698,VTNR
21313273,COIN
21311280,TSLA
21319716,BYND
21301697,AMC BB GME KOSS
21299108,AAPL TSM
21284155,CCIV
21281059,AAL DAL UAL
21262790,
21258070,TWTR
21258892,NCLH
21253863,SNDL
21210703,ARKK ARKQ ARKW COIN NVS PLTR SQ TCEHY TSLA ZM
21204453,TSLA
21204320,CLF X
21201709,MSTR TSLA
21202269,ENPH FSLR
21193479,AAPL F GM
21191358,
21151296,PLTR
21145984,AMOM AMZN FV SPMO TSLA FB
21113983,BTC SQ TSLA
21086579,
21096025,DPZ SBUX
21088657,SNDL
21090003,PTON
21093167,AMAT DIA FUBO INCY INTU LRCX QQQ REGN SPY TSLA
21075100,TSLA
21068037,AAPL
21052285,
21059079,PLTR
21032711,SBUX
20897799,
20986921,
20969359,FAMI
20917729,TSLA
20870531,COIN PYPL
20819257,GS
20804274,
20784086,ARKF ARKG ARKK ARKW BEAM COIN DDD DOCU IONS IRDM MASS NIU NVDA PCAR PHR PSTG PSTI RXRX SKLZ SPFR SQ SYRS TREE
20763921,COIN
20723903,COIN NCLH UAL
20704091,FB NFLX
20697126,COIN
20696669,
20673924,BMKDF BTC ETH SNOW SPY
20672179,
20658560,AAPL AMZN RUN
20654719,
20647303,ASO BLNK CLOV ESPR GME NKLA OTRK PUBM ROOT
20622791,SPRWF TSX:WEED CGC TSX:FIRE
20558978,FUBO PDD TSLA
20551573,TSLA
21920546,AAPL STMP
21899829,AAPL
21894491,AMC GME
21883477,COIN RIOT
21880272,TSLA
21831587,ITRM
21828031,TSLA
21765180,BB
21746871,AVGO GOOG MRVL NVDA
21720041,NFLX NKE NOK
21706516,PENN
21707213,F TSLA
21677843,TSLA
21658127,MSTR TSLA
21649629,BB
21625410,MARA RIOT
21621379,VYGVF
21615512,AMD BIIB FOX GME NVDA PYPL SIRI QQQ DIA SPY CLF
21591358,
21583441,
21591759,SNAP
21561805,TSLA
21553882,RIOT TSLA
21550835,AAL
21539701,AAPL AMZN BIIB CLOV DAL MRNA TGT TSLA UPS
21528545,TSLA
21508518,ATOS
21504307,ARKF ARKK ARKW COIN DOCU MGA NXPI U
21498310,CLF
21492403,GEO
21475197,
21441075,BRK-A
21431949,NVDA
21431150,SNDL
21428085,AMC
21428699,F GM
21423777,TSLA
21413404,
21391570,AAL
21391114,CGC CWBHF
21350898,
21311721,PYPL
21291084,GME
21261423,MU NVDA
21254615,BYND
21213684,TSLA
21220113,ATVI NFLX SNAP
14027854,HMLSF MJ YOLO
21214716,TSLA
21209659,AAPL TSLA
21197097,AMZN CAG COIN EXPR GME JWN LOW TWTR WOOF
21190518,TSLA
21189196,
21168143,AAPL ACCD ACIC ADSK API ARKF ARKK ARKW BEKE BIDU BLDE BMY CDXS CMII COIN CSTL DKNG GLEO GWRE HIBS IONS MASS MKTX NIU NVDA NVS ONEM ONVO PACB PATH PCAR PHR PLTR PSTI RXRX SGFY SNPS SPCE SQ STNE TDY TMO TREE TSP TWLO TWTR VRTX WKHS YHEKF ZM CRSP
21155104,AAPL AMZN MSFT TSLA TWTR
21143368,AAL BA DAL JETS LUV UAL
21119489,TSLA
21106007,MSTR
21074486,NMR PCCWY PCWLF PYPL
21045273,DIA EBAY MU QCOM QQQ REGN SPY TSLA WBA WKHS AMPE
21029752,AMC NIO SOS
21013184,
20991056,ZNGA
20972384,CHWY
20961494,AAPL
20918750,AMZN COIN TGLO
20917889,
20913933,BTX
20907296,CBULF LAZR PLUG
20905155,AAPL AIMC BAC CROX CURLF FB MSFT NUE PGR SHW TLRY X
20897495,NIO TSLA
20897054,
20867698,
20855854,
20865758,BAESY PLUG
20832499,TSLA
20828386,GS SAN SCGLF SCGLY
20817151,COIN
20807831,AMZN
20775369,CTRM JAGX NAKD SNDL SYPR
20758330,
20755328,NKLA
20669337,HAVLF PSYCF
20739110,CAN MSTR RIOT SOS SQ TSLA
20739301,AMD ARKF ARKG ARKK ARKQ ARKW ARKX BEAM BLI COIN DDD DKNG DOCU HUBS ICE INTU IONS IRDM MASS NFLX NIU NVDA NVS PATH PCAR PDD PHR PSTG PTON REGN RHHBY ROKU RTP RXRX SKLZ SPFR SQ SYRS TCEHY TMO TREE TSLA TWTR WDAY XLNX
20733691,BA
20713337,AMZN FIS FISV GOOG GOOGL GPN PYPL SQ
20712895,
20687068,CLOV
20641747,CRON MO SPY
20658863,
20642951,VUZI
20615624,COIN
20600393,APHA TLRY SPY
20601064,AMZN
20590804,AMZN GME TSLA
20570665,COIN FB GOOG GOOGL OCA
20550003,COIN FTCV GWAC VIH
20556860,CLOV
20555664,APHA CURLF GRWG
21917657,BAC WFC
21914492,GE
21909226,GOOG GOOGL UPST
21898461,BABA
21894682,AAL ETSY NVDA
21895161,COIN MARA RIOT
21889526,NEGG
21889223,ARKK ARKQ ARKW COIN PATH PSTG PSTI QSI TSLA
21881766,AAPL
21870512,GS
21862482,AMZN
21860621,BABA DIDI EDU
21830948,AAPL
21828734,BB
21812059,TLRY
21801770,TSLA TWTR
21786858,UPST
21752300,NTLA
21740511,MARA RIOT
21599092,
21718433,SQ TSLA TWTR
21720376,MARA RIOT
21717632,ARKG BFLY MSFT QSI
21716708,AMC BB CLNE CLOV GME TSLA WISH WKHS
21668609,WISH
21661664,
21641986,FB
21613099,AAPL AMZN FB GOOG GOOGL NFLX
21628042,COP DVN EQT MRO OXY XEC
21606389,MARA SOS
21607916,RUN SUN
21591193,COIN
21588921,CLF
21581910,AMC ARVL CLNE GME WISH
21575349,BABA
21563347,
21573547,BAC SAVE XOM
21566245,BA PLTR WFC
21551233,MSTR RIOT TSLA
21552291,
21530275,COIN RBLX
21527417,PLUG
21515065,JPM
21506174,
21473212,COIN TSLA
21468937,TSLA
21453609,AER GE
21380419,
21433227,CRON TSX:CRON
21431152,TLRY
21392944,
21397110,
21366537,BBKCF MARA SOS
21343781,HEXO TSX:HEXO
21335455,
21334818,PRVB
21311317,CVI IEP NWL OXY TSLA
21276215,FB MRNA TSLA
14368455,
21134823,AAL CCL DIS FOX GEVO K UAL
21127615,
21130431,RWBYF
21120438,COIN TSLA
21095042,DIS
21086893,UBER
21078340,AMZN
21064706,
21028700,BABA JD
21026703,
21023775,AAPL AMZN BNTX COIN COP KR NFLX PFE PTON VIAC
20994932,RXDX THMO VYNT
20973912,AMZN
20949933,
20948181,
20929654,
20876187,
20865812,F GM TSLA VWAGY WKSP
20845232,BBIG INVZ POSH
20832028,AMZN
20816267,MNMD
20751935,
20785535,AAPL MSFT MSTR TSLA
20773685,
20767724,
20740883,ARKF ARKG ARKK ARKQ ARKW COIN MSFT SQ
20719652,
20718639,ARKF ARKK ARKW BEAM BLI DDD DKNG ICE IONS IRDM JD NIU NVS OKTA OPEN PCAR PDD PLTR PSTG PTON RBLX RHHBY ROKU RTP RXRX SPFR TCEHY TMO TREE TSM TSP TWTR WKHS XLNX
20690309,CRM GBTC MDP MSTR SQ TSLA
20712130,CLNE LAZR
20692962,FB GOOG GOOGL
20693602,
20676474,COIN GS JPM SQ TSLA
20656424,
20585281,AAPL AMD INTC LITE
20578435,AGI APP COIN NAV TSP ALKY KRAT
20575479,TSLA
20572979,
20571388,AAPL FB GOOG GOOGL MSFT SONY SSNLF
20545483,KMI MO T WMB XOM
20551389,ACIC ADBE ARKF ARKG ARKK ARKQ ARKW ARKX AVAV BAINF DKNG DOCU IRDM KTOS LC MASS OKTA PDD PHR PSTI RPTX SGFY SNPS SPFR SYRS TREE TSLA TSM TTD TXG YHEKF ZM
21917949,AAPL
21902696,PLTR
21899799,BAC WFC
21886852,CARV
21870141,AMZN BABA MSFT
21860968,CCXI
21849745,AAPL AMC AMD DIDI INTC NVDA UBER
21841565,NKE
21825180,AMD INTC
21812690,AAPL FB GOOG GOOGL PLTR
21809229,AMZN MSFT T
21808761,AYRO PENN SNDL
21788157,RIG
21771399,TSLA
21769084,RIOT
21762373,GM REGN TSLA
21750227,SRNE
21743936,HEXO NCNNF TAP
21737470,ARKG PATH PSTI QSI
21723990,ENPH FSLR RUN
21726221,T
21723989,TTD
21724224,GE SNDL TSLA
21708154,MARA RIOT
21703607,DIS
21697831,GME
21691235,BABA
21686949,CGC SPRWF TSX:WEED TSX:FIRE
21684947,ARKK ARKW COIN GBTC MARA RIOT
21669297,CRWD
21646736,MARA RIOT
21629145,WISH
21611813,
21609521,PYPL
21606644,GME
21582185,MSTR SQ TSLA
21568566,F RUN
21553000,ROKU
21540293,
21518290,HTBX
21510513,MVIS
21451548,QS
21436172,
21394805,CAN COIN EBON ETH JPM MARA MSTR RIOT TSLA
21374423,
21372223,ETH NVDA
21366760,SNDL
21360119,ARKQ ARKW PDD SPFR VUZI ZM
21325004,F
21311454,COIN MSFT
21293255,
21283686,
21269865,ARKK TSLA VWAGY
21263081,VSTM
21250479,
21250003,
21247061,AAPL ACB AON ATUS DISH HD KSS NFLX NIO VIAC
21235220,EBAY PYPL
21198236,SQ
21167900,AMZN LVMUY TSLA
21154208,TLRY
21086743,
21084887,
21081362,COIN NDAQ
21064768,
21052853,TSLA
21051050,
21041762,UBER
21006293,SQ
20927037,
20921269,SPY
20893612,DKNG
20891195,ACB APHA CBWTF TLRY
20881510,F NIO TSLA
20878618,ABNB AMD AMZN ARKK BA CNBS DIS DKNG GE GOOG GOOGL LEN LVS MAR NVDA PLTR RBLX SBUX TAN TLRY TSLA UBER ZM
20843534,BTI CRON MO OGI PM
20815163,DKNG PENN
20785107,
20783479,AAPL AMZN NFLX
20782662,
20763053,
20751728,F GM STLA TSLA
20727471,NVDA
20730464,SKLZ
20714353,AAPL AMGN BA BX DIA DIS IBM JNJ NKE QQQ SPY
20708478,FSR
20695802,
20691085,AAPL ALXN DIA ILMN MU NFLX NVDA QQQ SPY TSLA
20674260,
20660321,
20659013,
20658433,
20650331,AMC AMD BIDU DIA GME NTES NVDA QQQ SPY TSM WBA XLNX
20634177,
20628811,PINS TGT
20628037,BBKCF BTBT COIN EBON LGHL MARA MSTR RIOT SOS VYGVF
20611251,
20587470,GME
20577795,
20562243,
21910784,AAPL GOOG GOOGL
21915901,F GM TSLA
21899474,BABA
21879942,COIN
21878991,TLRY
21873720,AMZN
21869123,AMC AMZN GME MSFT OSAT SPCE TSLA
21859114,GME
21852806,FB GOOG GOOGL
21824042,
21778382,
21815422,BABA PDD
21806659,TSLA
21799297,CCIV TSLA
21773355,CPNG
21766225,CROX DASH F
21764366,AMZN
21751335,LI TSLA XPEV
21740810,MSTR
21736390,RKT
21723833,GS BRPHF
21673240,DKNG PDYPY PENN RSI
21704652,
21698191,COIN
21687688,AAL
21683149,PLUG
21666430,BTCM
21672635,LYV TDC UPST
21664443,DASH NVDA ZM
21651113,NVDA
21647825,MSTR
21629500,HITI
21380454,
21628614,UTME
21614845,
21591772,TSLA
21589352,TRCH
21576368,BABA BIIB DKNG MRO OXY SPY TSLA VRTX XOM QQQ DIA
21560657,AMC BB CLF CLNE CLOV CRSR GME SENS UWMC WISH WKHS WOOF
21556265,SPCE
21551649,WISH
21533680,CHWY
21470355,CLOV
21439104,CLXPF CMPS FTRPF MNMD MSSTF PSY TRUFF TSXV:NUMI CSE:FTRP CSE:SILO CSE:MSET
21434141,AMC GME
21425915,
21416859,CLOV
21398415,AACG CANG EXPR KOSS MOXC NAKD OSTK PETS POSH PVH RIDE WKHS
21380880,
21374677,BA
21360416,MARA
21334706,CBOE
21340996,AAPL
21324812,AQMS
21315703,F NVDA PDD
21303707,NNDM
21285898,ABNB BKR CCL EIX NCLH NUE RCL SPY DIA QQQ
21283485,AMC GME TSLA
21264674,AMZN GOOG GOOGL ROKU
21260978,
21250679,TSLA
21231675,
21230437,TSLA
21217054,CGC SQBG TSX:WEED
21196504,SQ
21193064,AAPL FB GOOGL
21175463,AAPL
21168457,FSR TSLA
21167968,TSLA
21156306,DISCA DISCB DISCK T
21125744,TSLA
21125707,BABA
21099670,AAPL AMZN FB GOOGL NFLX
21051620,FB MA PYPL TSLA V
21036902,AMD INTC
21036227,ACB
21011933,CCXI
20994636,ETSY
20999537,AMZN FB GOOG GOOGL JMIA MSFT
20980042,AAPL AMZN FB GOOG GOOGL NFLX
20961243,GM PLUG
20955908,
20793316,CAPA DKNG FSR GNPK HNHPF MGA MP
20872226,CS DISCA VIAC
20889271,TAN
20855650,AMC AMZN BB CAG GME NOK TSLA
20805490,API ARKK ARKW COIN DOCU IONS IRDM JD MASS NIU NVDA PATH PCAR PDD PHR PSTG PSTI PYPL ROKU RXRX SHOP SI SPFR SQ SYRS TCEHY TDOC TREE TSLA TSM TSP XLNX ZY
20800144,AMD AMZN BIDU DIA MNST NIO QCOM QQQ SBUX SPY
20798783,SHOP
20793482,SNDL
20780361,
20733202,CHWY DOCU DPZ NFLX PTON ZM
20696322,ACIC ARKF ARKK ARKQ ARKW ARKX AVAV BEAM BLI CMLF COIN DDD EXAS ICE JD MASS NFLX NVDA NVS OPEN PCAR PDD PHR PSTG PTON REGN RHHBY RTP RXRX SNPS SPCE SPFR TREE TSM TSP U WKHS XLNX
20685080,AAPL
20682697,ZNGA
20679034,AMZN CLNE FSLR
20621155,FB SNAP TWTR
20601996,
20577073,
20561415,CMPS MMEDF MYCOF
21918916,XELA
21903687,AMZN CMCSA
21895627,NIO
21899705,AMC GME NOK
21896470,AAPL FB
21882339,TSLA
21879923,TSLA
21883786,ACB
21876943,BABA
21875388,BABA COIN JAGX
21869454,BRK-A BRK-B BYDDF LI NIO TSLA XPEV
21863603,CCL
21860106,AAPL AMZN TSLA
21823165,
21821376,AMC AMD CLOV DNUT GME MU PLTR SPCE SPY WISH
21814829,BLIN
21814842,PTON
21810519,AAPL
21809185,NVDA
21788995,
21790740,TLRY
21787095,GM PLUG
21759539,
21767579,COIN TSLA
21768686,BMWYY BYDDF DMLRY NIO TSLA VWAGY XPEV
21771311,NTLA
21767949,MARA RIOT
21763519,VERB
21745228,
21749918,MSFT
21707591,PYPL
21697452,BABA
21689634,NNDM
21644268,TSLA
21626635,DOCU
21613050,AMZN FB GOOGL
21600279,TSLA
21582799,
21584144,KO
21550281,TSLA
21534387,ZM
21532019,AMC MARA MSTR RIOT TSLA WEN
21517281,KMPH
21491338,MNMD
21477446,
21456093,AMZN SPCE
21447209,GM PTON V
21431059,WFC
21422449,PSTH
21396355,
21415409,AMC BB KOSS
21393516,SRNE
21368246,OEG
21364691,ENLC TELL TGA
21346764,GLDB
21313647,MSTR TSLA
21311273,AAPL COIN PYPL SQ
21271800,COIN GS
21258055,TSLA
21251003,DHI LEN TOL
21250222,ARKG ARKK IOVA
21222772,COIN
21189638,
21179301,CVX
21157508,ABNB
21132090,NIO
21127468,HD
21124031,NIO SQ TSLA
21122498,
21099844,TSLA
21090983,SONM
21065624,ACB HEXO OGI VFF
21062777,X
21031034,CUT WOOD
20796957,
21014356,NFLX ROKU
20961882,AYX PLTR
20946599,
20942221,
20923689,
20919685,BTC FTCV FTOC MILE PAYA TBBK FTAC
20872189,DIV JEPI KBWD
20854217,
20847200,CLOV
20841654,
20839835,AMD INTC
20762794,ARKK ARKW BEAM COIN DDD DKNG DOCU HUBS IONS IRDM MASS NIU NVDA OKTA PCAR PDD PHR PSTG PSTI PYPL ROKU RXRX SKLZ SPFR SQ SYRS TCEHY TMO TREE
20762276,COIN FB SQ
20738863,TSLA
20727635,AAPL TSLA
20708994,EGHT FIVN RNG TWLO WFH ZM
20660634,SIX
20662001,BHP FCX SCCO
20648462,GM HMC MSFT WMT
20621085,CCHWF HEXO MEDIF TAP TSX:HEXO TSXV:ENW
20621450,COIN FTCV PYPL SQ VYGVF
20592345,
20592245,ALK BA BABA LUV
20574287,
20554959,AAPL AMZN DOCU FB GOOG GOOGL LEVI NFLX NDX
21904157,ALGN AMZN BIDU BIIB CSX DIA NVDA PLTR QQQ SPY TSLA XPEV
21900448,ACB
21860790,TSLA
21878717,NEGG
21854209,
21859777,AAPL HNHPF TSM
21863683,CRWD DOCU SHOP
21850578,NIO LI
21831829,SPY
21778429,
21756294,AAPL AON BAC KO MNST VZ WFC BRKA BRKB
21823178,COIN JPM
21803900,
21815937,COIN
21810948,MARA RIOT
21801920,CCIV CUEN MU
21771070,F
21771033,DASH
21768877,PLUG
21751005,MMAT
21728088,AAPL DIS NFLX
21729204,CMCSA ROKU VIAC
21727656,
21726193,NFLX
21724744,ACB
21722247,MSFT
21709266,AAPL
21707113,BBBY
21692288,TWTR
21678640,ARKF ARKK ARKW COIN GBTC PSTG QSI TSLA
21673263,CMCSA WWE
21670463,OCGN
21671342,UPWK
21658992,
21636882,AAL DAL
21618199,
21615552,TSLA
21608983,NVDA
21591321,RUN
21553899,GME TSLA
21556083,AAPL CSCO DIA DIS EBAY FB NFLX QQQ SPY TWTR CRSR
21539861,HEXO
21530304,BBBY
21509609,CLOV FCEL PLUG ZM
21455077,FB
21453186,DOCU
21427473,XLE
21427337,AMC WFC WKHS
21396753,AAPL AMC AMZN BKNG FNY GME PEJ SFYF SOFI TSLA
21394311,AMC BB EXPR GME RKT
21387467,FB
21382237,AMZN
21370592,BBW
21363985,AMC BB GME PLUG VTNR
21333114,ARKK ARKW MASS OKTA SYRS TDOC TSLA ZM
21325974,TWLO
21291865,
21279777,AMZN DIS NFLX
21271789,
21270361,STX TSLA WDC
21266338,CSCW EGHT GVP INPX MARA MVIS MYSZ PHUN RESN RIOT SEMR SPI
16412908,
21247222,DPZ
21233907,ABNB CSCO T
21205810,AMD DIA DIS ENPH FB HD INTC KMX MSFT PGR QQQ SPY TGT UAA
21160467,KOS
21145124,AAPL ARKW GOOGL TTD
21119691,
21110159,ACRDF CGC
21108812,GTBIF CSE:GTII
21104030,NIO XPEV
21063244,AMAT AMD NVDA SOXX XLI
21036625,MA V
21021448,APDN AVCNF CNBS CNBX CNTMF CS GTBIF GWPH HITIF IIPR JAZZ JUSHF LOWLF MJ MMNFF MSOS MSRT ORVRD PLNHF POSAF SMG SNDL SPY TCNNF THCX TLRY YOLO ZLDAF APHA CSE:AAWH CSE:JUSH TSXV:HITI CSE:TRUL CSE:TIUM CSE:GTII TSXV:KO CSE:LOWL CSE:PBIT CSE:PLTH CSE:MMEN CSE:ACRG ACRGF EDXC
21016879,TSLA
20959811,JPM
20961215,MU
20947900,
20945379,
20919542,AMBO FIZZ REV
20891113,
20883029,BK MSTR
20865132,ROKU
20847185,HEXO
20828681,DB SFTBY WCAGY WRCDF
20809307,
20817471,SDS SH SPXU
20815510,OCGN
20806576,
20797513,SPG
20793769,ETSY
20790122,GS JPM MS
20778777,CLABF CMPS MMEDF NMDBF PHRRF SHRMF
20732650,DKNG GMVHY MGM PDYPY PENN
20733819,CCL COIN DIA DISH HAL MSFT NCLH NFLX ORCL QQQ SPY TSLA
20695236,ACN CRM HUBS
20712447,ENPH NOVA PLUG RUN
20679697,
20655482,COIN GS
20636843,ALB
21914473,CARV
21913393,F
21909537,ARKF ARKK ARKW COIN PATH ROKU SNAP TCEHY TWTR
21902816,AMZN SPCE TSLA
21903822,CARV
21901093,COIN
21874772,
21884816,AMD AMZN BIIB CCL CGC DIA KMX ORCL QQQ SPY TLRY XLNX
21849434,AMZN COIN EBAY WMT
21830418,GBTC GDLC
21829052,GRAMF MRCQF
21802314,AMC BB CLOV GME RKT WEN
21806302,MU
21801864,AMD GOOG GOOGL INTC TSLA
21792744,UPST
21786280,MARA RIOT
21783953,MU PLUG RBLX
21769731,CRON
21768440,LOW
21758272,TSLA
21758015,AMC GME MRIN SOFI WKHS
21748462,AVXL
21747769,RSLS
21745387,AUY
21729005,ABBV DIA FDX KMX NFLX NKE QQQ SPCE SPY WAT WFC
21707177,AFRM
21699713,JPM GBTC
21681107,
21687418,SPCE
21686008,
21677585,
21669723,PFE SPY
21669470,ZM
21667143,NYMT
21651064,UBER
21650023,ENPH
21648297,AAPL AMZN ARVL FSR GM GOEV GOOGL RIDE TSLA VWAGY
21638582,BBBY BYND CLNE WEN
21630022,DOCU
21630889,ADBE DIA GE GS INTC QQQ SPY WBA
21628620,INTC NVDA
21621602,COIN FB
21590423,TSLA
21591278,NKE
21562256,MSTR TSLA
21574460,BABA
21553902,RIDE
21544761,NVDA
21543710,STX TSLA WDC
21524836,SI
21481722,GME
21446559,COIN
21430488,AHT
21411890,AMZN DASH UBER
21386981,SOFI
21365787,EXPE TRIP
21317240,
21338665,PLTR
21334098,
21328987,AQMS DM EDRY EH JAN JELD NKLA SPCE TITN VIEW YELL ZEV
21253896,SPY
21237940,MSTR
21201241,TSLA
21163563,TME
21133168,BFARF BTCS DMGGF EQOS MSTR SQ TSLA
21135197,ACB ACRDF ALEAF CCHWF CNBS CURLF CWBHF FLGC FLOOF GTBIF HEXO HRVSF IIPR MJ MJUS MMNFF MSOS SAM SNDL SPRWF SPY TCNNF THCX TLLTF VFF VREOF YOLO ZYNE CSE:TRUL CSE:HARV TSX:HEXO TSX:VFF TSX:AH CSE:ACRG TSX:CWEB CSE:MMEN CSE:GTII TSX:ACB TSX:FIRE CSE:VREO CSE:CCHW CSE:TILT
21117443,TSLA
21105670,BNGO
21107803,
21074930,TSLA
21069192,DIA ENPH HBI HPQ LB OXY PLTR PYPL QQQ SPY TWTR
21042791,
21042985,AMZN AZN CSCO GOOGL HEINY JNJ MRK NVS PEP PFE PG STZ WMT YUM
21029684,
20973265,TTWO
20972916,
20969269,DHC GLG REDU
20940003,UBER
20870841,AFRM SHOP
20866149,WVVI
20806183,GS JPM MSTR SQ TSLA
20793882,MMNFF CSE:MMEN
20797407,AM
20752430,AAL AAPL AMC AMZN DAL GME JNJ MARA MRNA NCLH NSTB PFE RCL RIOT SNDL TSLA UAL ZOM
20743075,AMZN FB GSS NFLX
20742090,NIO NKLA TSLA
20731157,ABEO FBIO SYBX
20719965,
20694493,APHA GWPH HEXO MJ TAP TLRY VFF YCBD ZYNE
20700111,PYPL
20690083,NVDA TSLA
20685635,IIPR
20676224,
20674310,
20644687,CSE:SILO
20634261,COIN
20592271,AAPL SSNLF
20565574,AHAC AZO COLD GDX LPX MOGO PEP PGNY PLNHF STIC WKEY
20555789,CMCSA WWE
21916447,BRPHF COIN FPAC
21905211,ETHE GBTC
21892684,
21879879,BABA
21879308,SPY TSLA
21877064,SGH
21860395,RKT
21862026,CLOV
21830609,ENPH
12591805,ACB AMRS APDN ARNA CGC CRBP CRON EAST EGOV GNLN GRWG GWPH HEXO HUGE IIPR JVA KERN MAPS MBII MO NBEV NEPT NETE NTEC OGI PMD SMG SNDL SSPK TAP TLRY VFF XXII YCBD ZYNE APHA CTST CARA PYX TRPX FSDDF ABBV TSX:CRON
21815448,SPY
21807951,BBBY MU PTON
21792026,LOWLF CSE:LOWL
21792737,MU
21790208,BA EADSY UAL
21787259,AMZN BBW FIVE KSS PLCE
21782630,
21751441,AAPL AMZN CMCSA DIS FB FOX PYPL TSLA TWTR
21750134,NNDM
21749621,BNTX MRNA PFE
21747270,TSLA
21737652,AMC CHWY CLOV GME PSFE SPCE
21728276,NKE
21726102,ENPH
21723778,TWO
21718639,
21707624,SQ
21706126,ATVI EA TTWO
21688109,AMC BABA CLOV F FUBO GME MOXC NIO ORPH OSTK PLTR TRCH TSLA WISH
21688112,TGT
21682613,MSFT PLUG PTON
21648337,BTCM
21645830,AAPL ADBE AMZN BB BKR CCL DRI FDX KBH MSFT NKE NVDA RAD XOM
21598884,
21625500,ADBE
21627593,DOCU
21616443,ADBE BKYI CPSH CSCW CSIQ GTT INPX NNDM OUST SSNT UTME VISL
21607833,
21591308,ORCL
21583677,AMZN
21573049,
21531458,MARA RIOT TSLA
21528416,NOVN
21526644,BIIB SNOW TLRY OCGN
21513980,
21500621,AMC ANGI BHAT CURI IPDN ISIG IZEA JFU NCTY TRKA WWE
21500618,API CLRO JG MICT MTLS PLAN SONM SPI SRAX TTD UIS VHC
21469894,BIIB DAL TGT
21427027,WINT
21418348,BIDU DIA DLTR INTU NVDA QQQ SPY TSLA TWTR UAL
21398407,BSQR BTBT GTT JKS KOPN MOSY NOK NXTD SMAR SPI SPLK VERB
21346008,AMC AMD COST CRM DIA DLTR EBAY FOX NVDA QQQ SPY
21339586,ICLN XLE
21315712,
21322336,
21323198,ELY
12591805,ACB AMRS APDN ARNA CGC CRBP CRON EAST EGOV GNLN GRWG GWPH HEXO HUGE IIPR JVA KERN MBII MO NBEV NEPT NETE NTEC OGI PMD SMG SNDL TAP TLRY VFF XXII YCBD ZYNE APHA CTST CARA PYX TRPX FSDDF ABBV TSX:CRON
21319678,
21311511,ARKQ ARKX DDD GH MASS PRNT SPFR SYRS TSLA
21305971,AMC AMGN BIIB CMCSA DIA FUBO NTES QQQ SPY TSLA WBA
21305014,FUBO
21299626,AZN BNTX GSK JNJ MRNA NVAX OCGN PFE
21298331,PYPL
21278600,
21284534,AMZN
21238520,
21236526,BA
21224084,POSH SNAP
21214807,CIDM CTRM SNDL
21185783,NUGT
21153687,MJ
21155023,
21134075,
21134384,SAVE
21128326,CGC SAM
21114512,AMC BIDU CTRM JD MAR PAYX QCOM TSLA
21106326,FNKO TGT WMT
21084748,AEI SRG WPG
21092448,GNLN NXGWF SBVRF TSX:SVX CSE:NGW CSE:GAGE
21046011,CMCSA DIS NFLX WWE
21035091,
21036759,
21027612,TSLA
20923964,
20873927,IRTC METX QDEL SPLK
20798047,SPY
20790230,CRBN KRBN SMOG
20793857,DFS
20729971,
20730645,
20726145,PEP
20714408,
20700305,
20701669,TNXP
20673663,
20662842,
20656866,HIMS
20626257,COIN
20581587,
20564259,AGFY ALEAF CGC CNBS CNTMF CRON CURLF GTBIF IMCC KERN KSHB MJ MRCQF MSOS OGI PLNHF SBVRF SLGWF SPRWF SPY TCNNF THCX VRNOF YOLO CSE:CURA TSX:WEED TSX:FIRE CSE:TRUL CSE:VRNO CSE:SLNG CSE:IMCC TSX:OGI CSE:TIUM CSE:GTII TSXV:CANB TSX:AH TSX:SVX
21921024,SNOW
21899707,PYPL
21896262,AAPL
21885651,
21883814,CRON
21875857,BA SPY
21868883,
21778530,
21833521,AAPL AMC BA DIA DIDI IBM MSFT QQQ SPY V WBA
21791936,MU
21785772,AAPL
21787100,TLRY TSX:APHA APHA
21770862,CVNA SFT VRM
21770579,COIN
21759373,COIN
21763531,DAL
21754404,AEHL BCC BE BEST BWEN EH MLHR PIXY PXS SBLK SGBX SPCE
21749467,RIDE TSLA
21749357,BBBY BBW CNTY FAT GRWG JMIA NIO PBPB RRR STON TEN WKHS
21722531,WISH
21718667,
21710425,SHAK
21707887,SILFF CSE:SILO
21701516,BBBY
21690124,
21668105,TWLO
21663837,SPLK
21662390,EBAY NVDA
21653182,AXP BA CSCO DIA MSTR QQQ SPY
21638805,
21627777,CVSI CWBHF JUSHF MMNFF YCBD YOLO
21612810,TRCH
21609422,CAT CMI GM
21591381,X
21591259,KMI
21590908,AFRM
21577451,ALTO AMTX CLNE LBRT RCON SWN TRCH WTI
21574278,ALF
21570582,PYPL SUPV
21553254,AAPL QCOM
21553591,DKNG
21542084,LVS WYNN
21530707,SPG
21529618,ARCC
21524382,CHWY GME
21505785,AMZN
21493107,MARA
21487974,
21477832,LOTZ
21476838,WKHS
21449176,COIN
21433673,AMC AMZN SND SNDL
21428913,MDB
21405860,CCL
21403339,AAPL
21398408,ADMP CATB GLSI HIMS HOTH KZR LOGC NVOS OCGN PULM SYNH TLRY
21390217,COIN
21373336,SLS
21376905,ADBE AMGN BIDU DIA DLTR F JD JNJ QQQ ROST SPY
21373810,AMZN CCIV F
21296265,PIRS
21281497,COIN
21283757,MRNA
21281213,PIRS
21250199,ETHE GBTC TSLA
21220259,MOSY
21199032,GTH RXDX WRLD
21194506,
21129644,
21127057,SAVE
21103047,
21018990,BA CLSK CRM DIA DIS DKNG IBM NKE QQQ SPY VZ
21013691,CGC CRON TLRY
20958471,
20947140,CVS REED
20942707,APHA TLRY
20915127,MELI
20817618,APHA CRON TLRY CURLF
20889186,HAS
20798902,CRSP
20798498,PENN
20765055,
20760548,TSLA
20750377,APHA OGI TSX:OGI TSX:APHA
20737290,CGC FFLWF GRWG HITIF JUSHF RWBYF SNDL UGRO
20727600,NFLX ROKU
20705750,FSR GOEV LAZR RIDE VLDR
20688497,MJNA
20686895,NEPT TGT TSX:NEPT
20669133,BABA CLNY CMLF EXPE GMBL GOOGL MAT PLD SLV SQ XLNX Z
20639058,PLTR PYPL SPCE
20632928,ABTX BYFC COIN EBMT INBK JPM WFC
20643445,WWE
20626288,COIN VYGVF
20629064,AAPL DIA DIS GS INTC MSFT NIO QQQ SPY TLRY TRV TSLA
20587116,UBER
20579561,CMG
20561247,
20558715,CMCSA WWE
20552166,BTCNX
21879687,DIDI TSLA
21864310,AAPL AMZN CAT CRM DIA DIS DOW NKE QQQ SPY
21861904,WISH
21859677,TSLA
21829083,
21828960,DIDI LYFT UBER
21828932,WBA
21827637,COIN
21823559,HITI INLB PLNHF TSXV:HITI CSE:PLTH
21811332,RDS-A RDS-B XOM
21773749,
21773061,CPNG
21771501,KDP KO PEP
21752142,AAL BA
21747056,COIN
21722413,
21710805,TTD
21707215,ATVI
21707153,AAPL
21664557,AAPL TSM
21669306,DASH
21657844,
21650701,FUBO
21649988,DVN
21620096,ARKQ BLDE GLEO PRNT SPFR TAK
21610614,C
21592520,WWE
21591750,XOM
21581373,ARKF ARKK ARKW DKNG EADSY PATH TAK
21551120,CRON TSX:CRON
21539361,OKTA
21506661,AMC GME MC
21530256,PLAY
21522514,
21527723,PLAY
21511243,AABB
21488769,BRK-A BRK-B
21478199,SFIX
21448674,AAPL
21433833,NCTY
21407018,TTWO
21394779,AMC MUDS
21388224,DKNG FB XELA
21373233,BA
21339673,AMC BYND TWTR
21323843,BA
21312005,NVDA
21303327,BB KOSS
21300281,SPY
21294311,PDD ZS
21282846,FTXL MU NVQ PSI
21281941,PLTR
21268543,
21262896,RBLX
21263172,DG
21217659,AMZN CMCSA DISCA T VIAC
21210253,STX TSLA WDC
21196757,BIIB ESALY
21195680,WFC
21182851,SPG
21160123,FUJIY HPQ IBM XRX
21182070,HD
21176337,AMC EXPR GME TYME
21140351,AAPL BA BABA COIN DIS FSR INTC MSFT NKE UBER
21126509,
21090051,CGC
21090883,AMZN PRXTF CSE:PULL
21086287,MGM MGP
21064042,
21068043,ELY
21062334,DIA NKE
21044210,
21019602,TSLA TWTR
21008232,BTC C
20968672,AGFAF CBWTF CURLF ORCL SPTN TLRY CSE:XTRX CSE:AGRA
20968939,PLNHF CSE:PLTH
20966158,
20965118,COP XOM
20938355,BA KR MCD ON
20930492,AMC BRK-A BRK-B COST GME GPS WMT
20920524,ETHE GBTC LTCN
20915015,XOM
20841162,AHT
20800073,COMP
20794623,APHA TSX:APHA
20783357,DKNG PDYPY SEAH
20716722,MSFT TSLA
20731711,
20725348,MINE
20704620,
20712873,TSLA
20707282,BAC FSR
20705072,CMC NUE RS STLD X
20696419,EMR HON JPM NKLA QS RIDE TSLA WFC ZM
20664768,ABML SB UEC
20660213,TRSSF CSE:TER
20605363,KSHB GNLN
20621920,
20618215,COIN
20613838,COIN TSLA
21882660,ABBV BMY
21864632,AAPL
21853771,WB
21827656,MS
21828518,DASH DIDI LYFT UBER
21826284,TSLA
21827196,DASH FB FUV
21810555,
21814966,VRTX
21814816,MU
21794946,CLXPF CMPS ENVB FTRPF MCURF MNMD MSSTF MYCOF PHRRF PSYBF
21796970,CCIV
21792740,OXY
21779723,ALT CLOV SOFI
21773017,CLSK MARA RIOT
21770871,QRVO SWKS
21758736,BA
21755167,ACB ARNA CBWTF CNPOF CNTMF CRBP CWBHF ELLXF GNLN GTBIF INLB IVITF KHRNF KSHB LMLLF MBII MMNFF NDVAF SOL TBPMF TGODF TLRY UGRO VIVO ZYNE MXC XXII
21753684,BIIB DIA FB INTC MAR NVDA QQQ REGN SPY TSLA AMC GME
21745713,GRAMF
21723017,
21717076,AFIN GNL OHI
21726154,FDX
21723783,MAIN
21708437,CMCSA DISCA ROKU VIAC
21707464,OKE
21704921,ARKK SQ
21697943,AAPL
21687006,PSTH
21685173,
21654264,BEST CAAP CCNC CLWT COMS EZGO GLBS KTOS NKLA NL NNBR
21599018,
21629028,F GM TSLA
21629432,AMZN QQQ
21627542,BIIB
21613955,TSLA
21607897,CRON
21589990,CLF CMC NUE RS SLX STLD X
21591296,NUE
21537561,
21534586,BIDU BIIB DLTR HLT MRNA NIO NVDA REGN ROST QQQ DIA SPY
21534306,CURR
21518706,AAPL CAT DIA GS INTC MCD MSFT NIO QQQ SPY TSLA
21515221,MDLY
21514207,ORPH
21513914,MEDS
21511452,WMT
21496156,FSR HNHPF MGA RIDE
21499457,CPB DISH FDX FOX INO REGN TWTR SPY QQQ DIA
21494205,BBBY
21431992,AMC GME
21426734,AAPL
21409841,
21409809,BE
21376946,AI RDS
21370136,CGC TSX:WEED
21370214,RBLX
21342814,
21323568,BYND
21291571,VYGVF
21280006,ADBE
21236927,AMAT
21239323,MS
21224005,SNAP
21217498,BTC CLSK ETH JO
21195911,BBKCF BIGG CAN MSTR
21182549,TBLT
21179351,DASH
21159396,CMCSA DIS DISCA DISCB DISCK NFLX T VIAC
21159947,TSLA
21154033,KOS TUWLF
21131502,
21103483,
21108951,KKR RYDAF
21078377,MSTR
21060624,C MTB PNC
21017633,J LTTSF CSE:J
21009414,
20993457,
20968637,VYGVF
20967340,TSX:GLXY
20936305,ALXN AZN BNTX LLY PFE
20897506,CANQF CCHWF CNBS CRON FFLWF GTBIF HBORF HCANF IMCC MJ MMNFF MO MSOS NXTTF OGI PM RWBYF SNDL SPY THCX TLRY TPB TRUFF VLNCF YOLO CSE:GTII CSE:MMEN ACRGF CSE:RWB CSE:CCHW TSX:VLNS CSE:IMCC CSE:TRIP CSE:HBOR TSX:FAF TSXV:N CSE:GAGE
20850202,AAPL
20820236,
20810680,BB CAN EXPR
20790475,
20776144,AUSAF CANN CGC CNBS GRWG IIPR JUSHF MJ MJNA MSOS OWPC PLNHF SPY THCX TPB TRSSF VRNOF YOLO CSE:PLTH CRLBF CSE:VRNO CSE:JUSH CSE:TER TSX:WEED CSE:SILO
20774543,ATVI FRX FUBO IBM MGNI PCT PSFE STPK UBER VIAC YETI
20773088,AMAT AVGO NVDA ON XLNX
20763490,AAPL AMZN COIN FB GOOG GOOGL MSFT NFLX TSLA
20733159,CMPS MMEDF
20728323,
20704997,FSR FUTU
20689625,
20631209,GMBL
20606248,UBER
20580918,UBER
20557845,EBAY MUDS
20555750,CURLF GTBIF JMP NBCO UGRO XXII YCBD CSE:GTII CSE:CURA CSE:MEDI CSE:XCX CGC
21915360,MO
21902686,ARPO
21898314,BABA BIDU DIDI PDD
21889074,
21876453,NEGG
21862582,UBX
21857389,APA COP LEVI OXY
21826482,ENPH LLY WBA
21819702,
21819846,ARNA AUSAF CNGGF CNVCF EHC EPWCF GGTTF GNLN GRWG HERTF KSHB LQSIF MMNFF NEPT NINE NWVCF SNDL TBPMF TGODF XXII
21812805,BA
21792535,CVM
21792767,RBLX
21747098,MNMD
21749355,APLT ATOS AVXL BEAM EXEL GBT GRAY ITRM NTLA OSMT RSLS TRVN
21728944,AMZN SPCE
21707695,YETI
21707468,OKTA
21693263,LMT MCFE TWTR XRX
21692399,CMCSA DIA DPZ EA INTC MU NNDM NVDA PLUG QQQ SPY TSLA
21684281,CVNA MCD TGT
21680504,GS JPM
21662364,
21649927,COP
21637643,AMZN
21635080,
21625038,SPY XLF
21591232,FDX
21591177,CCL
21587475,PYPL
21573534,BA
21561323,DIS
21555370,CRSR
21546530,
21534552,
21536496,CLXPF FTRPF MNMD NVMDF TRUFF TSX:FTRP
21535584,CNTY COE EXPR FUV GME IMBI MCFT MKD MOXC NEW SYPR VNCE
21511916,COIN
21514169,BIIB
21499364,CHWY GME
21497548,RIDE
21487117,GS
21478323,GS
21450084,NEXT
21431649,AMC
21376916,DKNG SBGI
21376273,PTON
21374785,AMC MUDS
21371533,OEG
21372742,AEHR AEYE BELFA BELFB CLDR MFH MOSY ONDS SCSC SPI TUYA WRAP
21371309,VTNR
21341511,GOOG GOOGL
21347924,CBDHF CBWTF CNBS FFNTF GLDFF GRWG HEXO HITID HYFM JUSHF MJ MSOS PLNHF SPY THCX TLLTF VEXTF VRNOF YOLO TSX:HEXO CSE:VRNO TSX:CBD PW CSE:FFNT CSE:CHAL EVG CSE:TILT CSE:VEXT CSE:JUSH CSE:GAGE GAEGF CSE:PLTH TSXV:HITI
21341272,COST
21337388,CRM EXPR RIDE
21330538,LEXX WTER
21322417,REED
21322218,
21281471,ARKF DKNG
21275355,BABA BAC NAKD
21261079,ENVB
21237487,SPCE
21224497,AAPL BA DIA DIN MSFT QQQ SPY TSLA
21200688,AMZN JMIA
15970460,
21185599,WELL
21161340,
21155892,PATH
21147190,
21127519,LOW
21099004,
21097604,ARKK FCEL MSTR PLUG RIOT SI SQ TSLA
21088375,SPY
21049928,
21066594,AMZN
21055239,IAG PG XOM
21033633,LYV
21016876,LMT
21017789,BFARF
20982583,
21004785,
20991880,TSLA
20898266,CLXPF LKYSF LMLLF CSE:BUZZ TSXV:NUMI MMED
20930930,
20919448,TCNNF
20912275,DAL UAL ULCC
20907504,
20891214,GRWG
20793557,AXP
20780516,AAPL BA COIN DKNG HOG INTC NFLX PEP PLUG TSLA
20730562,AAPL GS MS
20722440,AAPL
20677941,
20653764,BTI CGC HEXO IIPR OGI SPRWF STZ TAP TSX:HEXO TSX:WEED TSX:FIRE
20664604,ECGI FLWPF LQSIF MCURF TLLTF VVCIF WDDMF CSE:TILT CSE:CANN TSX:CLIQ TSX:WMD CSE:MCUR TSX:VIVO
20644199,PGR SPCE
20625173,CSE:JUSH JUSHF
20612230,
20600755,ZS
20565607,CLABF MCURF MYCOF
21912008,
21915776,ACB CHOOF CSE:CHOO
21901002,DISCA IBM NFLX VIAC
21899175,CRSR
21881688,SPY
21870149,JPM
21881619,AGNPF ATAI CLXPF CMPS ENTBF GHRS MNMD MYCOF SEEL CSE:ENBI
21875689,
21879299,
21858509,CRON
21830897,SPCE
21814945,TWLO
21810729,
21796360,AMD BA DIA GS INTC NFLX NIO NKE QQQ SPY V WMT
21785187,MCD
21751061,ACHC CMPS ITCI LFST MNMD TDOC
21735896,
21736319,SI
21711435,AMZN
21707477,PAA
21697601,FB GOOG GOOGL NFLX NVDA TSLA
21689925,BRPHF COIN FPAC
21688040,NTLA
21687701,AAPL
21669456,TWLO
21651201,ACB ALEAF CBWTF HEXO OGI SNDL TLRY VFF
21654253,ALF CREE GTT INPX KODK MTLS MVIS PHUN RCAT TDC UTME VLDR
21650454,ZS
21648047,WISH
21643003,ASUUY BABA JD NVDA
21637677,NKE XLY
21627729,INTC
21627673,FDX
21627615,DVN
21601745,
21609258,TDUP
21608986,COP
21575116,JPM
21550049,NEM SCCO XOM
21534994,ACRDF ALEAF AYRWF CNBS CURLF CURR FLGC FLWPF GTVH JUSHF MJ MSOS RWBYF SPY TCNNF TGODF THCX TLRY TRTC YOLO ZLDAF CSE:CURA TSX:ACB CSE:AYR CSE:RWB XXII TSX:TGOD TSXV:LOVE TSX:AH CSE:TRUL CSE:ACRG ACRGF CSE:JUSH TSX:TLRY CSE:BAMM
21519913,AMST CAKE CHWY DOGZ GME JILL LCUT LOTZ MEDS NEW PLAY STG
21507667,TSLA
21495467,OTRK
21491559,XOM
21479360,COUP
21481556,AAPL AMZN DIA FOX INTU LOTZ MU QQQ REGN SFIX SIRI SPY
21437058,BETRF CLXPF CMPS ENTBF MNMD
21468902,CLOV
21468486,GOOG GOOGL
21468314,COIN
21436199,AAPL BA INTC MSFT NKE UNH DIA QQQ SPY
21413230,
21369729,AAL DAL LUV SAVE UAL
21345081,DELCF ENVB FTRPF MYCOF SILO CSE:DELC CSE:FTRP CSE:NEON
21316010,F
21305788,
21283786,SPCE
21278524,RIDE
21261740,
21244959,ACB AGFY AQSP CBWTF CCHWF CGC CLVR CNBS CURLF EDXC GLDFF GNLN GRAMF HEXO IIPR MEDIF MJ MO MRCQF MRMD MSOS NCNNF SPY THCX TRSSF VRNOF YOLO TSX:ACB TSX:HEXO CSE:CURA TSX:XLY CSE:CCHW TSX:LABS CSE:VRNO CSE:AAWH CSE:TER TSX:WEED
21236164,ASAN
21221709,
21215605,EGO GOLD USAU
21200880,
21197881,WMT
21174431,BRPHF
21178792,
21173623,DLPN
21160520,STX
21152818,KO PG XOM
21151513,CRLBF TRSSF
21121362,ARKK COIN TSLA
21091365,CELH
21084692,SNDL CSE:ISH
21070162,GLD GLL UGL
21064948,
21055511,GOOG GOOGL NVDA QCOM
21043344,AMZN SHOP
21040814,
20897802,
21020643,ACB BE BMMJ CANN CNGGF CNTMF CNVCF CRBP CRLBF CURR EPWCF GRWG HEXO HRVSF IVITF MBII MGCLF OGI RHNMF SNDL TBPMF TGODF VFF VIVO ZBISF ZYNE TLRY XXII
21013987,
20982159,GS
20968405,JUSHF CSE:JUSH
20936614,AAPL CRUS
20906555,
20868492,EBAY
20857360,
20871818,AAPL
20815398,AYRSF CGC CLXPF CMPS CRLBF CRON CURLF GTBIF MMEDF RWBYF SHRMF SPRWF TCNNF TSX:WEED TSX:FIRE CSE:SHRM CSE:RWB CSE:CL CSE:AYR CSE:TRUL TSXV:NUMI LKYSD TSX:CRON CSE:CURA CSE:GTII MSOS
20728755,TRSSF CSE:TER
20664122,
20646283,GTBIF CSE:GTII
20650066,SPOT WMG
20642848,BMWLF CRLBF CSE:CL CSE:BWEL
20633976,
20601502,BTI OGI TSX:OGI
20580919,AMZN UBER WMT
20557341,KSHB GNLN
20546553,MMEDF
21922440,
21921624,CAT CRM DIA DIS GM GME GS MRK QQQ SPY STMP
21909324,F GM LI NIO TSLA VWAGY XPEV
21867105,GNLN
21862377,HEXO
21855789,BRPHF
21851139,EBS JNJ
21833517,AAPL ACB CCHWF CNBS CNFHF FLOOF GOOGL GRWG GTBIF GWPH HERTF JAZZ LOVFF MJ MSOS SHWZ SLGWF SPY TCNNF THCX WDDMF YOLO CSE:CCHW CSE:CNFA TSX:HEXO CSE:SLNG CSE:TRUL CSE:GTII CSE:FONE TSXV:LOVE CSE:CANN TSXV:HITI TSXV:WMD CSE:EASY TSXV:KHRN
21827374,BA
21816782,AMZN BA DIA FB JD MSFT MU NVDA QQQ REGN SPY WBA
21809567,LYFT UBER
21786882,COIN NCR
21787880,
21777887,ACB AUSAF HITI MNMD TLRY TSXV:WMD
21768695,INDI THBR
21766439,
21771071,FDX
21770969,ACN
21771366,PSX
21767667,NTLA REGN XBI
21764859,MDWD VCEL
21756706,CLXPF SF
21749579,BIIB
21729278,FDX
21729160,CELH MNST
21726159,FSLR
21707918,TTD
21690449,DASH
21685900,PBA
21681752,AA BWXT KFY MCD MSFT NTNX PLUG PTON RAPT SMG
21669294,SHW
21669300,CVS
21661777,APD CASY CRWD CVS DASH DRI EMN JAZZ NVDA TWLO
21658070,ROK SPY TDOC TSLA
21642734,AMZN
21639206,
21631743,ATAI CMPS MNMD PYPL
21627590,DAL
21625658,ORPH
21614827,KR
21609267,AAPL
21593178,
21595893,AMZN DIA FB GM JD ORPH PYPL QQQ SIRI SPY TSLA
21591371,STLD
21581876,MS
21588401,AEE AFRM APPH BNGO BNTX CCL CLF CMC COIN CRS DISH EDU ENS ENTX EVRG FBNC FRX GWRE KIN KMI LEV MAXR MP NCLH NSIT NUE PRIM RCL RMD RS SAGE SAR SE SOFI SQSP YQ
21579468,
21544070,AAPL ARW AVGO AVT INTC
21529722,ERJ
21529963,
21519909,BNSO JG MGI MYSZ NXTD OCC PXLW RIOT RNWK SEAC SONM SPRT
21490423,WISH
21490190,AMC CLOV GME WISH
21479771,SPG
21473986,PDSB
21457160,WISH
21436280,ACB AMZN CHOOF CNBS GRAMF GTBIF HSTRF MJ MRMD MSOS RWBYF SPY THCX VLNCF WDDMF YOLO TSX:WEED TSX:ACB TSX:VLNS CSE:GTII CSE:HOLL TSXV:WMD CSE:CHOO CSE:RWB TSX:RIV
21432438,CRWD
21422023,AUSAF AYRWF BMBIF BMMJ CBDD CCHWF CNBS CNTMF DLTNF FFNTF FLGC KSHB LOWLF MCOA MNFSF MRMD MSSTF OILFF RWBYF SLNG SNDL SUGR XPHYF CLC CSE:HAVN
21340272,AYRWF CRLBF TCNNF GAEGF
21305528,
21299289,GOLD IAG KGC
21259602,MANU SPOT
21285788,GOLD KL NEM
21279185,GLDFF CSE:CHAL
21245287,CLXPF IGXT MNMD PHRRF SEEL CSE:PHRM
21238289,
21235799,AMZN DISH
21217362,
21190394,
21169962,SONY
21158252,
21131004,ABNB
21128330,SNOW
21075830,AMZN EBAY SHOP
21044031,
21022522,CLABF FTRPF HAVLF MNMD NVMDF SHRMF CSE:FTRP CSE:SHRM CSE:HAVN CSE:COOL
20997945,
20984171,COIN
20971899,EPAY
20919664,MYCOF
20918743,AAPL
20908080,BOMN CLFD GPRO LPSN
20869624,
20883705,
20870065,NOW
20846522,
20841160,GOOG GOOGL
20819700,
20796296,CWH MSFT PYPL QSR SBUX TSLA YUM
20750469,SYSX
20721864,FNV GOLD GSS
20689977,
20685492,ROKU VZIO
20682986,NVDA TSLA
20666318,
20667102,AMC BA CRM CSCO DIA HD INTC QQQ SPY TSLA VZ
20622281,SNAP
20590963,CPNG DASH ICE NYT RBLX SNOW SPOT SQ TWTR U
20556514,HUBS
21920466,PYPL
21915065,DOCU PYPL ROOT
21884634,
21881443,ADXS BHVN CBLI DARE ELOX EWTX GTH IDYA ONCS OPNT SNGX SRNE
21880060,CVX
21861151,ARWR
21360039,AMC GME
21816066,AAPL FB GOOGL GRAMF
21813346,AMD INTC MU
21814811,LYFT
21792798,XOM
21772983,COIN HUBS SHOP SPOT TSLA TWTR
21776977,ALEAF AUSAF CNGGF CRBP CXXIF ELLXF EPWCF INLB IVITF KSHB MGCLF MMNFF MRMD NXGWF SARSF SEED SNDL SOL TLRY TRSSF VIVO VVCIF ZLDAF
21775877,AEHL BHTG EFOI EGLE FTEK FTV GTLS MAXR NKLA SGBX STAF
21775297,AAPL BA DIA DIS GE HD INTC MRIN NKE QQQ SPY WW
21773161,PAVE SPY
21770557,
21771411,VLO
21766718,FDX UPS
21749891,KMX
21741003,PSFE
21725870,AYRWF CHOOF CURLF PLNHF TCNNF CSE:CHOO CSE:TRUL CSE:CURA CSE:PLTH CSE:AYR
21726068,CVNA
21719068,COIN FB LYFT PINS
21718230,
21719936,GME
21712831,AAPL BA CAT CROX DIA DIS DOW MCD MSFT PENN QQQ SPY
21706775,AMBA AMC BABA BBBY BIIB BYND CCL CMCSA DKNG DM DOCS FB FSLR GPRO KBH LLY LUV PENN PLTR RAD RIDE RKT ROKU SAVA SCS SPWR SRPT TDOC TSLA UWM VIAC UWMC DR
21706313,DQ
21706127,CCL
21692032,CCL
21670123,CGC CWBHF GRUSF SNDL TSX:CWEB TSX:AH CSE:GRIN
21669288,AFRM
21662906,AMZN
21645603,BKR GTLS SLB
21649013,DASH
21632748,AGNPF ATAI BRAXF CLXPF CMPS ENTBF MNMD MYCOF PYPL CSE:BRAX CSE:AGN CSE:ENBI
21631257,AQSP CCHWF CLVR CNBS CRON FFLWF FLOOF HEXO HYFM KSHB MAPS MJ MSOS NFLX PCLOF SHWZ SPY SSPK STMH THCX YOLO TSX:CRON CSE:CCHW CSE:STEM TSX:HEXO CSE:FONE TSX:FAF TSXV:PCLO
21630121,SPY
21625730,ABMD ADOM ALK ARCE ARGX ASH BIIB BXS CDLX CERE CHDN CMP CRNX CRUS CURI CXW DAL DVN EDU EQT FSK GSV IDN KPLT LEN MRO MTOR NHI OEC OXY PPL PRTA PSFE RE RSSS SACH SAIA SFTW STRO TAL TRQ XEC XYL
21627936,TAL
21625979,BTG
21609018,DOW
21594439,DKNG
21591188,CLF
21585722,EGY VOC WTI
21575283,TAN
21557143,CBRL CTIB DOGZ DS FAT KBSF LCII MPAA PLBY TBLT VRM WOOF
21540372,DKNG
21529308,AGS APD AVAL BBU BIIB BKD CBOE CELH CME CNQ COUR CRCT ERJ FSLY GPOR HGEN ICE IP KARO LOGI MOR MTBC NDAQ NGAC NSH NTLA OCGN OGE OWL PEGA PING QUMU SIG SMAR STX TENB TLRY UNFI VTR VXRT OGN
21511743,
21475260,BIIB LLY MRK PFE
21451890,FUBO
21443704,
21433150,
21428453,
21427453,
21410691,AFRM
21391548,DKNG FUBO T
21375969,VIAC
21349436,ACB ALEAF BLOZF CBWTF CGC CRBP CRON CWBHF EPWCF FFNTF GRWG HEXO IVITF MGCLF NWVCF OGI SARSF SNDL SOL TBPMF TGODF ZYNE XXII
21327185,AMC AMGN BA CRM DIA DIS INTC MRK NVDA QQQ SPY
21318699,GM
21297375,NBRV
21284509,ETHE GBTC TSLA
21282143,
21236073,
21234362,HD KSS PRTY
21219307,SEDG SHLS TAN
21198263,ACB CLXPF CURLF HEXO HRVSF MNMD TCNNF TSX:ACB TSX:HEXO TSXV:NRTH CSE:RVV CSE:PHRM CSE:CURA CSE:TRUL CSE:HARV
21196350,SPY
21185577,PZZA
21182713,LUNA
21181552,GRAMF MRCQF RKDA
21178665,
21162675,
21160487,RAIL
21139255,CMPS HAVLF IGXT MNMD SHRMF CSE:HAVN TSXV:IGX CSE:BRAX
21147843,
21133747,EL ULTA LVMH
21113805,
21107790,ABNB
21110856,CSE:GAGE
21091760,
21088758,FUBO
20925894,BE CGC CNVCF CRLBF CRON CURLF CURR CXXIF EPWCF GGTTF GHG IVITF MRMD NXGWF OGI RHNMF SNDL SOL SOLCF TBPMF TLRY TRSSF UGRO VFF VREOF ZLDAF XXII
20892198,HYFM
20895588,GS
20840113,CBWTF HEXO NXTTF TGODF TSXV:N TSX:HEXO
20815063,DASH LYFT
20749077,
20739517,NFLX
20724192,NFLX ROKU
20712390,MCURF RVVTF SHRMF
20621052,OXLC
20587323,BIG OLLI
20581052,CRLBF CSE:CL
20579713,F GM RACE TSLA
20580827,TSLA
20555694,FB MSFT
21886568,AUSAF BLOZF CNPOF CNVCF CRBP CRLBF EAST ELLXF EPWCF FLOOF FLWPF GENE GRWG HERTF HEXO ICNAF INLB IVITF MBII MGCLF NINE SEED SNDL TRSSF XXII
21863396,CMCSA LYV WWE
21878950,SAM
21863645,ARBKF
21861986,CSCO
21832154,MA PYPL V
21814809,KR
21815637,
21814956,UBER
21814819,NUE
21784612,ALT AUDC CDMO CPRI GNK MU OXY PHM ROP SHOP
21772138,ALB GNENF SQM
21771089,FTNT
21771386,SWKS
21767232,
21756779,
21749851,FDX
21730015,AFCG AUSAF CGC CNBS CRON CURLF DLTNF GRYN GTBIF HRVSF MJ MSOS SPRWF SPY TCNNF TGODF THCX TLRY VEXTF VLNCF YOLO CSE:TRUL CSE:HARV TSX:WEED TSX:FIRE TSX:VLNS TSX:TGOD TSXV:LOVE TSXV:HITI CSE:VEXT CSE:BAMM TSX:DN
21727020,NFLX
21723874,DKNG
21725294,SEDG
21720742,CBDHF DBCCF HCANF KHRNF MNMD WRHLF TSX:CBD TSX:KHRN
21720103,ACN AEMD FDX GMS MLM NKE OVV SBNY VMC
21707486,PEP
21689264,CGC CRON TLRY
21674187,ADMP ATOS BPTH BTAI CLPT GMTX IDRA MLND RGLS SONN TENX VTGN
21669545,SSNT
21669451,RNG
21656621,
21645528,ABML ACN ARCT BFLY CAI CHPT CLNY DAWN DBD EMN ESTC FIGS FLYW GSAT HZO LBRT MARA MRO OMIC OPK PAY RAPT RIO RIOT RRC SLS SPRQ SYKE WLK XEC ZIP
21630629,POWW
21627564,COG
21608486,NNOX
21610274,AAPL QQQ
21609070,HAE
21608838,AMH
21590784,GM
21579535,
21578592,ATVI EA PLTK RBLX TTWO
21569615,ACRS ADCT AFCG AGTC AMH AVB AVRO BNL CBRE CDAY CNXC CPT CR CWK CXP EPRT EQR ESRT ESS EXAS EXEL EXR FAST FOA FR GH GLPI HPP INVH ITT JLL KRC LFT LX MGP MGTA MOGO MPW MYGN NMRK NTCO NTR NTRA NTST NVTA O OGN OHI OLN OTLY PASG PFG PLD PSA QURE SAVE SELB SIOX SLG SRPT TSHA UDR VCYT VICI VTR VTRS WD WELL XEC
21555805,WISH
21550448,HEXO NCNNF TSX:HEXO
21549198,INVU
21530813,WDC
21527429,GLTO
21520282,TRUFF
21512345,CLOV GEO GME WWE
21500620,GME IMBI KSS KXIN LAKE MHK OCG OXM RH RIDE TLYS YJ
21490820,
21461113,ACB ACNNF BMMJ CANN CGC CRON EPWCF GRIN HERTF HSTRF MBII MRMD SNDL SOL TGODF TLRY VFF VIVO XXII YCBD
21456498,ATOS
21441184,
21437652,ACB CGC CLSH CNTMF CNVCF EAST EPWCF FLWPF GHG HSTRF KALTF NEPT OGI SNDL SOL TLRY UGRO ZLDAF
21410191,AMC
21399008,ACB BLOZF CGC CNGGF CNVCF CRBP CRON EMHTF EPWCF ESE GHG HERTF HEXO HSTRF ICNAF MGCLF MRMD NXGWF OGI SMG SNDL TBPMF TLRY VFF VIVO ZYNE YCBD
21398417,ASC AXAS ETRN NESR NEXT OIS PFIE RRC TOPS USEG VTNR
21394062,
21377854,ACRHF FB MCD MRMD MSFT SPOT
21370702,AAPL COIN GOOG
21346112,MA MSFT OSTK PYPL V COIN
21340875,DIS DKNG FUBO
21328989,APOP AZRX BHVN CHMA CLRB FOLD IOVA OCGN PIRS PTE VEEV WINT
21328985,CRM CSCW DBX DOMO GTT HPQ IDEX STNE UTME VMW WORK YEXT
21277569,MSTR TSLA
21274691,DG ETNB GPS MDB NOVA OGE PLXS SHAK VKTX XEC
21258290,F TSLA
21259525,AMZN DG WMT
21185142,CRLBF GTBIF PLNHF
21160459,UMC
21153852,TROW TSLA UBS
21152394,HEXO NCNNF TSX:HEXO
21140662,
21130923,MJ MJUS
21119032,CURLF
21091724,GTBIF JUSHF PLNHF TCNNF VLNCF CSE:JUSH CSE:TRUL CSE:GTII
21084987,ABML BBKCF BNPQY CURLF CYDY ETCG ETHE FMCC FNMA GBTC GTBIF INVU MMEDF NLST RECAF RHHBY SYSX TCNNF VYGVF
21044145,RWBYF
21031938,UBER
20997601,MJNA
20984647,
20957918,
20942706,CHGG
20895011,
20940998,APHA CMPS GTBIF MMEDF RWBYF SHRMF TCNNF TLRY CSE:RWB CSE:ACRG ACRGF CSE:GTII CSE:RVV RVVTF COPHF CSE:TRUL CSE:SHRM
20848309,
20868255,CCHWF CSE:CCHW
20790212,AXSM ETSY IMNM
20776463,ACB BE BLOZF CANN CARA CURR FFNTF FLOOF GRIN HERTF HRVSF OGI SEED SOL TBPMF TER VREOF WIZP XXII
20752711,AMZN CRM CRWD GOOG GOOGL SNOW
20753880,DOG SH TZA
20722227,
20704701,
20654645,ACN BBY C CHH FISV JPM LYG SBUX
20622332,MGA
20604254,
20599456,RWBYF UBER COPHF ACRGF
20599210,ACB APHA CGC CMPS CRON CURLF MMEDF MYCOF RWBYF SPRWF TLRY ACRGF COPHF
20570124,
20555925,
21901095,ZLDAF
21881028,BSQR RILY
21874167,GS MS
21778422,
21823728,BUD CBWTF CHALF CRON DLTNF EEVVF CSE:CHAL TSX:AEG CSE:JUSH JUSHF TSX:DN TSXV:EVE TSX:CRON TSXV:XLY
21833709,
21831470,GRAMF
21830614,OSG
21830745,ZS
21830597,COF
21815837,GM GME
21812837,QRVO
21814719,EBAY
21814691,BBBY
21784637,SPCE
21767366,NWS NWSA SPY TWTR
21766590,ACB HITI TLRY
21745008,ABC CAH ENDP JNJ MCK TEVA
21729855,HRVSF INLB TCNNF
21726061,CMCSA
21723861,FDX
21707441,DKNG
21707677,VLO
21707363,EQIX
21688118,VLO
21667441,COIN MS
21663325,MSTR
21659009,MS
21654261,BBIG BTCM BYD DBI EVK FUV GMBL GME HRB HZN MOXC SYPR
21627457,ADBE
21603685,
21609080,HNST
21609038,DRI
21604900,FB GOOGL
21591042,WKHS
21562733,
21571918,HYFM TRTC
21569281,FAST
21569915,
21550444,AMC
21540427,DIS DKNG
21533555,ATAI FPX IPO
21532103,
21512945,HOV
21510824,AABB
21458842,
21455139,
21307691,
21433795,OGI TSX:OGI
21429349,ASAN
21414785,CWBHF
21392973,CNK IMAX
21365771,GLDG IAG MUX
21366114,BA DVN FFIV LULU MEOH RBLX RIOT SYK TFII UPS
21343169,HITID TSXV:HITI
21325950,CMPS TSXV:PSYB
21309351,
21309061,ACB BE CBWTF CNTMF CVSI CWBHF CXXIF ELLXF EMHTF FFNTF GHG GRWG IVITF MGCLF MRMD NCNNF RHNMF SEED SNDL SOL SOLCF TGODF TLRY VFF VIVO VREOF ZBISF ZLDAF ZYNE
21300326,
21293876,MARA RIOT SPCE XPEV
21275802,COIN
21288860,GRAMF
21281428,MGM
21278108,GNLN KSHB
21272777,ACB TLRY
21277300,COIN LAZR SPCE
21255526,
21240792,BVNNF CGC CRLBF NEPT SQBG CSE:AAWH TSX:NEPT CSE:BEV TSX:WEED CSE:CL
21234361,ASAN OTLY YALA
21233965,ATHM BURL COMM GDDY INTC IR LW NLSN SPLK T
21229034,
21219847,ADI MXIM
21183782,
21123248,GS JPM MS
21126450,CGC SPRWF TSX:FIRE TSX:WEED
21097607,ASHTY BTI DEO ENGGY ESLOY FMS KRYAY LRLCY NSRGY NVS RHHBY SNY UL WTKWY CLPBY
21096462,TSLA
21063157,NKE
21062136,CLXPF CURLF HRVSF MNMD RWBYF SHRMF TCNNF VFF CSE:BRAX COPHF TSX:VFF CSE:RWB CSE:CURA CSE:TRUL CSE:HARV
20960158,
21014220,ACST
21011312,
20966652,MSRT
20943691,ACB APHA HITIF TSXV:HITI TSX:APHA TSX:ACB
20928208,GWPH
20940417,BRK-A BRK-B SOS
20920829,
20909436,
20890555,
20889756,
20874248,LYFT UBER
20770599,
20710655,AGEEF BSEM OWPC CSE:SILO
20710344,FFLWF TSX:FAF
20707044,BJRI CAKE CHUY DENN DRI EAT KRUS MCD PZZA RUTH TXRH WEN WING
20706532,APHA ATURF BMWLF CMPS CRLBF HBORF JUSHF MMEDF MYCOF RWBYF SRAX TLRY VFF CSE:RWB CSE:HBOR TSX:VFF CSE:MYCO CSE:JUSH CSE:CL CSE:BWEL COPHF CSE:SIXW TSX:APHA
20667380,CLXPF CMPS TRUFF
20562401,KSHB LOWLF
20638473,FOUR PYPL SQ
20487635,
21922156,AEHL CTRM FTEK GLBS GMS HIHO PESI PFMT SGBX SOS SPCE STRL
21913976,BBBY
21898286,FCX
21882930,AMZN AVLR BIGC TWLO U
21883007,XPEV
21876705,AEM GLD GOLD KGC NEM SPY
21879908,CCXI
21877529,AEO
21866756,GNLN HEXO ICNAF KSHB CSE:ICAN CSE:CHAL TSXV:WMD CSE:HBOR TSXV:KHRN
21860119,ABUS VACC
21788182,AAPL MCD SONY
21830616,LLY
21830586,AXP
21831435,
21811927,TAL
21810317,BBBY
21771387,TEAM
21742218,SPCE
21707238,CLX
21688195,
21685523,ACHV ACN ATEN BWXT CARR CEVA CLII CMBM CNTA CVNA EGLX EVLO FIVE FLGC HBAN HP ICBK KGC MNDY NOG NXE PD PH PLUG PTEN RPM SAFE SDC STAR TH TTGT UGI URI UWMC WELL
21649352,AFL
21641966,AAT AEP ARCT CEQP EXAS JAZZ NKE NTRA PRTK RMD
21629101,CCHWF CWBHF FUNN KHRNF TAP TSXV:KHRN CSE:CCHW TSX:CWEB
21627469,LEN
21627907,RRC
21627106,HYFM
21625015,SPCE
21621101,IMCC CSE:IMCC
21613958,MAT
21607794,ABEV ACOR AFIN BAND BNL CHTR CNST CONE CPA CVAC CWH ENB FOA GNL HAE HNST IR JACK KIN LTCH MC MO NKE NOAH OHI PDCO QS RNA T THO VEON VOYA WGO WRE
21596316,AEHL BEST CVGI EZGO GLBS GRIN OPTT PIXY QUAD RUN STAF VINO
21594974,
21591388,ZS
21591313,PANW
21590912,C
21584522,RBLX
21585094,DISH FBNC GS MS MSCI NKE ORCL SAGE WING ZS
21568577,NFLX
21554318,
21553192,DKNG
21550628,RACE
21549835,ATLC AVB BARK BXP CBAY CLB CME CMG CPT CRSP DCP DOC ENLC EQR FBMS HALO HESM HPP IMBI KMI MTCR NVGS OTLY PCOR PEB PGRE RACE SI SQSP UWMC WELL WEN
21533772,CMCSA
21530970,SH SPXS SPY
21532401,COUR
21501673,SRNG
21474139,ADSK ANF ANSS ARCB ARES BIIB BNS BRC CCMP COG DAL EFC EOG EPAC FANG GBIO GEO GNRC HARP HTOO JCI KOS NEXT PHR PRGS PTC PWR QTS RKT SHOO SIBN SQSP SWN TALO TELL TGT TSHA VCRA VERA WIX
21455973,XXII
21458531,
21434893,FB GRUSF MCD MRMD MSFT NLVVF OGI PLPRF SPOT ACRGF CSE:AAWH CSE:NLV CSE:GRIN TSX:OGI TSX:APHA APHA CSE:PLUS
21428024,FIVE
21411866,CTRM
21406386,CPG EPM VOC
21397909,AFCG AGFY ALEAF CGC CLVR CRWG CURLF CWBHF FFLWF FLOOF IIPR INLB KHRNF MSOS NWYU TLLTF UGRO XXII YOLO ZDPY CSE:HBOR CSE:FONE LOWLF CBDHF PNPL CSE:IMCC TSX:AH
21387905,GOOGL
21386152,
21366784,
21326946,OKTA
21319495,FB GOOG GOOGL
21319536,BMWLF CRLBF CSE:CL CSE:BWEL
21304200,CWBHF
21278944,
21215619,
21219135,FDX
21217617,VGK SPEU GXF VPL EPP SCHE MCHI EWC IXUS
21212380,COIN INTC MU
21198885,COG
21181468,PEP
21187375,IIPR CRLBF CCHWF GTBIF ACRHF
21176902,BYD CHDN DKNG PENN
21160482,STEM
21153892,CRSR
21154710,IMCC MEDIF TSX:LABS CSE:IMCC
21119331,
21112499,LYV
21106866,MUR
21107695,
21103698,SPY
21050764,
20978061,
20994990,CS MSOS
20990171,
20947248,
20894169,CURLF DELCF FFLWF GNLN KSHB RWBYF YCBD CSE:DELC TSX:FAF ACRGF CSE:RWB
20891198,
20733248,RWBYF
20869116,
20839084,AGNC
20817249,MSFT
20814719,FFLWF TSX:FAF
20747192,AN
20714096,AUPH
20706612,
20687230,
20684559,CL
20662610,
20646017,APHA CRLBF CURLF CWBHF INLB TSX:CWEB
20623284,
20622439,BBBY
21920374,CRWD
21914046,AAL
21912656,GM
21878256,GRPAQ SAVE ULCC VLRS WZZZY
21866931,DIS DKNG MSGS
21857245,XPEV
21851964,
21834500,AESE CPNG CRCT DADA DS EVK FORD JRSH KXIN NEW NVFY WNW
21830957,BRAXF CLXPF CMPS ENVB FTRPF GHRS MCURF MNMD MSSTF MYCOF PHRRF PSYBF TSXV:PSYB CSE:WESA CSE:BRAX
21814717,CVX
21792633,CVX
21769559,
21771055,DTE
21762043,HERTF CSE:CANN
21749715,FAN TAN
21749359,AUUD CTLP JKS MRIN OBLG QADA QADB QUMU SEMR SNCR
21742778,ACN BIIB FDX KMX MSFT NTLA NVRO PAYX QDEL SNX
21722654,CMCSA DKNG
21726227,VMW
21726224,TMUS
21721126,HITI TSXV:HITI
21706283,
21690280,
21707184,APTV
21707569,PSX
21701111,ATO DISH DLTR EQIX FANG LEA MGA MGM RCUS SQNS
21685886,HRB
21649425,AEI TSLA
21646333,ZIP
21614864,JUSHF
21627483,ALK
21593373,NIO
21572322,
21576197,
21575515,NKLA
21565671,ALF CMCM CRSR CSCW NXTD PBTS PING RCAT RFIL VISL WRAP
21553910,TSP
21550872,F GM TSLA
21552321,PW
21526484,
21518968,AMZN
21497206,
21497402,CURLF GWPH HRVSF JAZZ TCNNF TLRY APHA CSE:CURA
21418501,
21489115,ANF BAH CASY CC CCMP CHS CL FOXA SHW STX
21487311,PFE
21452229,HITI JUSHF VRNOF CSE:JUSH CSE:VRNO TSXV:HITI
21433528,ENVB
21431506,HRVSF TCNNF
21429698,ADS ARCB ASB AVB AVTR BUR CCCC CERC CNST CRNC DEO DKS ELS EXR FORM FRT GO INGN KIM MRTX NMTR NOC OZK PEN PFMT PNR QTRX REG SFT SPG SUI TARA TCON TWST WFC WINT WKHS X YMTX
21410800,ADC AIRC ALL AMTB APA ARVL AVB BE BMTX BNFT CDNA CLR CNSL CNST CRTO CSR DEI ENPH EOG EQR ESS EXAS FRT FTOC GH GNRC GTX HIW LTC MCBI MOR MYGN NEO NOVA NVTA O OVV OXY PROG QGEN QTNT RDFN SABK SEDG SMTC SPNS THRY TTWO VERX VMEO VNT WOW XEC OGNW
21367970,
21390336,ALT AR BNS CCEP CNK CRM CUTR DXC EQX FB FMBI GENI GOOGL GOTU IMAB IMAX IO IRTC LMNL LNDC MSFT OESX PDFS PGNY RCM SAFM SBAC SNPS SOFI SOLY TGLS UWMC VMEO VRNT WDH XELA ZH
21382317,TKAT
21369163,AEMD AFRM AMRS BA BWMN CAL DVN EPR EQNR EQR FFIV FSBC FTS GFL HNST ILMN INSE ISRG LITE MEOH MIGI NIO OAS PSFE REPX SEEL SPT SUM SYK TA TALS TFII VALN VCRA WDH WSM
21362424,
21364689,BABA BIDU IBKR
21364795,
21340612,GRWG
21318597,ACB AYRSF CLXPF CMPS FTRPF GNLN GRWG KSHB MNMD RWBYF CSE:RWB CSE:FTRP TSX:ACB CSE:AYR
21301443,
21241479,
21240857,NFLX PLNHF
21237446,
21226151,CLSK MSTR TSLA
21224403,HIMS
21218769,GTBIF CSE:GTII
21219375,TGT
21216560,SPCE
21198201,HEXO HRVSF MNMD TCNNF TSX:HEXO TSXV:NRTH CSE:TRUL CSE:HARV
21180260,IIPR
21178985,IDEX
21126508,CZR SIX VYGVF WYNN
21067077,
21044213,FUBO
11685750,BRK-A BRK-B BRK.A BRK.B
20665248,CNTTQ RWBYF SBUX TCNNF VRNOF
20991965,
20968887,FTRPF NVMDF CSE:FTRP
20973420,MMNFF CSE:MMEN
20937484,DPZ
20938349,PYPL
20908215,
20797396,
20801805,CBWTF MMEDF MRMD SNDL STMH ZDPY
20798356,
20771745,
20712442,
20735769,ACB APHA BE BMMJ CGC CNPOF CRLBF CRON CURLF ELLXF FLOOF FUAPF GGTTF GRIN GRWG GTBIF HERTF HEXO HSTRF ITHUF KHRNF MBII MGCLF NEPT NEXCF OGI SOL TBPMF TER TLRY VFF VREOF WIZP ZYNE XXII YCBD
20692580,AAL ADS ARB BBKCF CMC CWRK ETHE GBTC GTBIF GTII HLLPF IP NLST RHHBY TSCDY TSLA VYGVF ZEST INVU
20684587,
20586018,
20647549,
20640620,PILL POTX XPH
20646162,PLNHF
20583131,CURLF LVVEF CSE:YOOM CSE:CURA
20582976,SSPK
20487356,
20510923,
20552786,
21912844,ALGN AXP BBBY COST MMC NOW PSX PYPL SYF V
21901511,FNV HBM NEM PAAS SSRM
21884904,AYRWF CCHWF CRLBF CURLF TCNNF
21900185,TSP
21893399,APLS CF CHTR CMA DHI ETN FLS LII WDFC WLL
21871420,MA V
21865162,ANGI CRTD CUEN DOYU IPDN JFU KBNT OSAT VEON WB ZH
21857299,MBT
21833077,STMH
21827572,CMCSA
21798690,TTCF
21795487,CRSR
21770709,
21763414,CSX CVNA IT KDP KSU NTLA QRVO SWKS TECH TXT
21755768,GBTC
21750773,SLGWF CSE:SLNG
21749846,DRI
21749354,AEHL APOG CHPT CYD EGLE EH ESEA GNK OESX REKR SOL XPO
21744994,AIN AY BCAB BEP BRFS CMPS CRM DIGI DLO ENVB FGNA FRT GBT IP MAC METX MMS MNMD NCBS NKTR PAYA PBLA PDSB PSFE RPTX SAND SCOR SQSP THRY TOL UBX
21724038,DKNG
21730642,AC AIHS LGHL MHLD MILE NYMT OPBK PBCT PT ROOT SAN
21732058,ARNA AUSAF CNPOF CNVCF CRBP ESE GHG GNLN GRWG HERTF INLB IVITF MBII MMNFF OGI SNDL SOL TGODF VFF WRLD ZYNE
21723376,ADAG APA BB BBCP CDNS CLR CMCSA DAR DISH DM DRI DUK EMPW ENPH FORM FSLR FUL GMS GNRC GSHD LAZR LOGI MLM MQ NFLX NJR NOK NOVA NTAP OVV RAD RUN SE SEDG T TMUS URI VMC VZ WELL WPP
21710635,AFCG
21707455,MGA
21705682,TRTX
21666670,AFRM AMWD ANAB AUDC BAND BLCT BLI BLL CALX CASY CHPT CNTA CRWD DK DZSI EGHT EVRG FBHS FCFS HLIT K KGC KVHI LECO MAXR MNSB PPTA RMD RNG SAR SBH SKIL STSA TWLO VG VSAT WBT ZM
21650816,ALEAF FLGC MJNA NWYU CSE:TTT TSX:AH
21648622,
21630347,
21625028,
21615171,
21611699,MYCOF ONFA
21596314,AKTS ALF AWRE BNSO CETX CSCW FUBO IIVI INSG PHUN QUMU WKEY
21589347,RBLX
21573577,DBCCF TCNNF CSE:TRUL TSXV:DB CSE:FLYY
21577449,APRN CHCI DTEA ELYS FORD FUV LZB MEDS METX RIDE TOUR XELB
21569407,AGG KBE PDBC XLB
21573635,PLD
21566951,WOOF
21521910,YAC
21486534,
21469856,SNAP
21456575,ZLDAF
21452306,AEYE ARCB AZO CHRW COF COLD EDU ETSY FATE FISV FRX GENI GLBE HARP IPW ITRG LOGC MGNI MRUS NEWT NEXT OLP PGR PTON SMWB TELL UBX V VAC VCRA WERN
21430178,SUMO
21422091,
21419294,ACB ACNNF BMMJ CNGGF CNVCF CRBP CRON EPWCF FFNTF GHG HEXO INLB KSHB MGCLF NEPT NXGWF RHNMF SEED SNDL TGODF TLRY VFF WRLD ZLDAF
21404412,CBDHF FFNTF GRAMF GRWG MJARF TSX:CBD CSE:MJAR CSE:FFNT
21391931,DKNG
21391283,RWBYF CSE:RWB ACRGF
21378190,ALSN ARC CARR CNR GLG KTOS OEG OESX OPTT SDH SHIP SPR
21370006,AFRM
21368536,
21321533,AEM FNV GDX NCMGY WPN
21303965,FFLWF FTRPF JUSHF TSX:FAF CSE:FTRP CSE:ACRG ACRGF CSE:JUSH
21288606,ACB BMMJ CBWTF CGC CNGGF CNTMF CNVCF CRBP CURR ELLXF FLWPF GRIN GRWG HEXO INLB INSHF IVITF MGCLF NDVAF RHNMF SEED SNDL TGODF ZBISF ZYNE YCBD
21283700,
21268666,FOMO FATT
21267846,
21264308,
21262808,NGM
21263485,ELY
21261723,GRAMF MRCQF
21247142,
21202113,WMT
21199004,SAP XM
21185561,ADXS AVCO CLRB HJLI KRMD LIXT LPCN MTP NOVN NYMX POAI SNES
21177250,ACET ADTN AGTI ALLK ARNA BNTX BSMX CASI CRNC CSR DNLI F FSTX GM GPS IIVI IMPL INMD KNBE LIFE LNT MA MAX MBIO MGM MGTA ONTX PANW POOL PSTX RAIN RDHL RVMD SNOW STOK SURF SWIM TMCI TSIA V
21164168,ACB AUSAF BLOZF BMMJ CNGGF CNTMF CNVCF CRBP CURLF CWBHF FLOOF GGTTF INLB IVITF KSHB MGCLF MRMD NEPT NINE NWVCF OGI RHNMF SNDL TLRY UGRO VREOF ZBISF ZLDAF XXII
21160821,
21150508,CCHWF CSE:CCHW
20947273,
21108056,CLSK TSLA
21107586,
21068813,
21063160,TCNNF HRVSF
20924222,CSE:GTII
21011040,ALB APD APPN CCXI PZZA ROKU TUP VIAC W XRAY
20970647,
20963427,LOWLF CSE:LOWL
20918058,GTBIF CSE:GTII
20916267,RWBYF VLNCF CSE:ACRG ACRGF CSE:RWB TSX:VLNS
20915270,APPS
20871778,FB
20855459,CBDD
20865406,NRG
20857680,AAPL
20825432,CBDD FFLWF HBORF VLNCF
20819186,CSE:TEQ
20821324,LESL POOL
20797419,BK
20797037,PHG
20624407,HLT LGCP
20748625,VRNOF CSE:VRNO
20547255,
20686906,CSE:JUSH JUSHF
20647687,
20624364,
21827909,AMWL APLS COF DFS EHC LLY MKSI SEDG WISH ZBRA
21747019,DLO
21693121,CURLF GTBIF
21705377,
21676989,
21673239,AAPL AMZN IWC IWM
21631614,BLOZF BMMJ CNVCF CURR ICNAF IVITF KSHB MMNFF MRMD OGI TBPMF TRSSF UGRO VFF YCBD
21613412,
21516023,SPY XLF
21479090,ACRDF
21418100,
21458336,
21413834,CGC CNPOF TRSSF TSX:RIV TSX:WEED CSE:TER
21391339,AMT CCI SBAC
21339519,AAPL ACC ACCD ADAP ATHM CNR CRC CTMX CTO CVI DK DXCM GDRX GLOP HARP HFC INNV INOV KSU NKLA ONEM PINC PLUG RDHL RIDE SGFY SJI SLCA TDOC TITN TIXT TLMD TRHC WLL YQ
21236006,AIZ AJG ANAB APLS ARVN ASAN ATHM BBIO BBU BLMN COMM CSCO DDOG DISH FANG FNB FOLD KAR KDMN KYMR LMRK LPLA LW NLSN ONEM OSH PAX PLCE PNFP PSTG PXD QURE RMD SBRA SPCE SPLK STX T THG VINP WTFC ZNTL
21233464,DDOG
20948098,
21128927,TEF
21061647,CURLF
21011092,TCNNF CSE:TRUL
20991765,BTCY
20945611,
20919396,
20921557,FAF
20888478,
20818340,HCANF TRUFF CSE:TRIP
20793493,FUTU
20706505,RY
20562181,
